Leiden_Community,Total_MPs,Dominant_Party,Dominant_Party_Count,Purity_Score_Pct
0,28,VVD,8,28.57
1,26,PvdA,6,23.08
2,23,PvdA,6,26.09
3,20,VVD,7,35.0
4,19,VVD,4,21.05
5,18,PvdA,5,27.78
6,18,PvdA,8,44.44
7,16,VVD,3,18.75
8,15,VVD,8,53.33
9,15,PVV,8,53.33
10,14,VVD,4,28.57
11,14,VVD,8,57.14
12,14,JA21,2,14.29
13,14,VVD,4,28.57
14,11,VVD,6,54.55
15,11,VVD,4,36.36
16,11,VVD,4,36.36
17,10,PvdA,2,20.0
18,9,GL,2,22.22
19,9,GL,2,22.22
20,9,PvdD,2,22.22
21,9,CDA,3,33.33
22,8,PVV,3,37.5
23,8,VVD,4,50.0
24,3,DENK,2,66.67
25,2,PvdA,1,50.0
26,1,DENK,1,100.0
