pruning_pct,n_edges_removed,n_edges_remaining,gamma,target_communities,plateau_n_communities,n_communities,n_components,modularity,nmi
0.0,0,9588,3.3063800349767742,28,28,30,1,0.23123897773351554,0.27489687652985667
2.0,192,9396,3.193666931631578,28,27,31,1,0.23068967129173093,0.279908211865429
4.0,384,9204,3.185891493352747,28,29,30,1,0.23510764006210955,0.27487394884188765
6.0,575,9013,3.2490097976784598,28,29,31,1,0.23067686795047346,0.2769202472308634
8.0,767,8821,3.2396962493180563,28,29,31,1,0.23067686795047343,0.27692024723086345
10.0,959,8629,3.3028321465632806,28,29,30,1,0.23056260229224854,0.2775018914747009
12.0,1151,8437,3.3583758101792034,28,30,30,1,0.23136535707595166,0.2804918900076195
14.0,1342,8246,3.31087706907152,28,29,31,1,0.2306152628994775,0.27801474588462205
16.0,1534,8054,3.31066030379188,28,29,31,1,0.2297659472034638,0.27677981117958983
18.0,1726,7862,3.386802928260034,28,30,29,1,0.23298008335293566,0.27843880411538596
20.0,1918,7670,3.1682303164894057,28,27,31,1,0.2327274628761655,0.2772314003301718
22.0,2109,7479,3.7309946500423776,28,29,36,2,0.2157335069055915,0.2970372286964911
24.0,2301,7287,3.023437678426233,28,26,28,2,0.2370511732366742,0.2762013769803247
26.0,2493,7095,3.2906034291069295,28,28,32,2,0.22959212492093395,0.27887943143074634
28.0,2685,6903,3.221089481408839,28,28,31,2,0.23198737931036437,0.2852528034822694
30.0,2876,6712,3.3192263824370194,28,29,32,2,0.2295436297177524,0.28459250304197964
32.0,3068,6520,3.3917273557870464,28,31,31,2,0.23277469829658629,0.2831963394638479
34.0,3260,6328,3.2553174377449983,28,27,31,2,0.23062084642379593,0.293364573462346
36.0,3452,6136,3.3063800349767742,28,28,31,2,0.23190647237038153,0.2822524214524107
38.0,3643,5945,3.0103883226753947,28,26,27,2,0.24114367334010303,0.25856073785109224
40.0,3835,5753,3.31066030379188,28,28,29,2,0.23368106550858708,0.2723705761388733
42.0,4027,5561,3.2553174377449983,28,26,29,2,0.23911679701376903,0.2684009383238438
44.0,4219,5369,3.386802928260034,28,29,30,2,0.23646881693509428,0.28421232420387627
46.0,4410,5178,3.2490097976784598,28,28,30,2,0.2299947826745806,0.27915195536761644
48.0,4602,4986,3.223365903989585,28,27,30,2,0.23187120419445623,0.28189812642518036
50.0,4794,4794,3.201930298933685,28,24,27,2,0.23996674834254078,0.2725788808009924
