Party_Pair,Edge_Count
CDA - VVD,63
D66 - VVD,54
CDA - D66,39
PvdA - VVD,35
CDA - SP,31
SP - VVD,27
D66 - PvdA,26
D66 - SP,26
CDA - PvdA,25
CDA - GL,22
GL - VVD,21
PvdA - SP,20
D66 - GL,19
PVV - VVD,15
CDA - PVV,14
CU - VVD,12
D66 - PVV,11
CU - D66,10
GL - SP,10
PVV - SP,10
CDA - CU,9
PVV - PvdA,8
D66 - Unknown,7
Unknown - VVD,7
GL - PvdA,7
CU - GL,6
CDA - Unknown,6
GL - PVV,6
CU - SP,5
SP - Unknown,4
PvdA - Unknown,4
50PLUS/Baay-Timmerman - D66,3
CU - Unknown,3
50PLUS/Baay-Timmerman - CDA,2
CU - PVV,2
CU - PvdA,2
PVV - Unknown,2
50PLUS/Baay-Timmerman - SP,2
50PLUS/Baay-Timmerman - PvdA,1
50PLUS/Baay-Timmerman - PVV,1
50PLUS/Baay-Timmerman - VVD,1
GL - Unknown,1
