MP_1,Party_1,MP_2,Party_2,Weight
M. van Nispen,SP,A.H. Kuiken,PvdA,136
M. van Nispen,SP,K.M. Buitenweg,GL,88
H. van der Molen,CDA,S.J.F. van der Graaf,CU,83
A.H. Kuiken,PvdA,K.M. Buitenweg,GL,69
M.M. van Toorenburg,CDA,M. van Nispen,SP,68
A.H. Kuiken,PvdA,S.J.F. van der Graaf,CU,64
M. Agema,PVV,C.E. Ellemeet,GL,63
M. van Nispen,SP,C.N. van den Berge,GL,58
V.A. Bergkamp,D66,C.E. Ellemeet,GL,53
M.M. van Toorenburg,CDA,A.H. Kuiken,PvdA,48
J.A.M.J. van den Berg,CDA,C.E. Ellemeet,GL,47
J.A.M.J. van den Berg,CDA,A.H. Kuiken,PvdA,47
A. Kuik,CDA,M.H. Bikker,Unknown,46
H.P.M. Hijink,SP,A.H. Kuiken,PvdA,46
H.P.M. Hijink,SP,C.E. Ellemeet,GL,45
M. van Nispen,SP,S.J.F. van der Graaf,CU,45
M.H. Bikker,Unknown,J.A.M.J. van den Berg,CDA,44
V.A. Bergkamp,D66,M.C.G. Keijzer,CDA,43
M.M. van Toorenburg,CDA,S.J.F. van der Graaf,CU,42
M.M. van Toorenburg,CDA,M. Groothuizen,D66,42
M. Agema,PVV,H.P.M. Hijink,SP,41
C.J.L. van Dam,CDA,M. Groothuizen,D66,40
C.J.E. Kooiman,SP,M.A. Berndsen-Jansen,D66,40
A.H. Kuiken,PvdA,C.N. van den Berge,GL,39
J.A.M.J. van den Berg,CDA,A.E. Diertens,D66,39
S.J.F. van der Graaf,CU,C.J.L. van Dam,CDA,37
J.A.M.J. van den Berg,CDA,W. Paulusma,D66,35
M. van Nispen,SP,M. Groothuizen,D66,35
M.M. van Toorenburg,CDA,J. van Wijngaarden,VVD,35
M.H. Bikker,Unknown,A.H. Kuiken,PvdA,33
H.G.J. Bruins Slot,CDA,P.A. (Pia) Dijkstra,D66,33
C.J.E. Kooiman,SP,P. Oskam,CDA,33
S.J.F. van der Graaf,CU,M. Groothuizen,D66,32
M.M. van Toorenburg,CDA,C.J.E. Kooiman,SP,28
M.M. van Toorenburg,CDA,F. van Oosten,VVD,28
V.A. Bergkamp,D66,O.E.T. (Otwin) van Dijk,PvdA,28
A.H. Kuiken,PvdA,A.A.G.M. van Raak,SP,28
M.H. Bikker,Unknown,M. van Nispen,SP,28
M. Agema,PVV,A.H. Kuiken,PvdA,27
V.A. Bergkamp,D66,M. Agema,PVV,27
A.E. Diertens,D66,A.H. Kuiken,PvdA,26
P. Oskam,CDA,M.A. Berndsen-Jansen,D66,26
J.A.M.J. van den Berg,CDA,M. Agema,PVV,26
A.H. Kuiken,PvdA,C.J.L. van Dam,CDA,25
A.H. Kuiken,PvdA,M. Groothuizen,D66,25
C.E. Ellemeet,GL,A.H. Kuiken,PvdA,25
V.A. Bergkamp,D66,J.A.M.J. van den Berg,CDA,24
A.H. Kuiken,PvdA,N. Özütok,GL,24
S.J.F. van der Graaf,CU,J. van Wijngaarden,VVD,23
V.A. Bergkamp,D66,E.J. Slootweg,CDA,23
V.A. Bergkamp,D66,N. Özütok,GL,23
H.P.J. van Gerven,SP,C.E. Ellemeet,GL,23
J.A.M.J. van den Berg,CDA,H.P.M. Hijink,SP,22
A. Kuik,CDA,M. van Nispen,SP,22
M.H. Bikker,Unknown,W. Paulusma,D66,22
M.G.W. den Boer,D66,S.J.F. van der Graaf,CU,22
M.G.W. den Boer,D66,H. van der Molen,CDA,22
M. Groothuizen,D66,J. van Wijngaarden,VVD,22
C.J.E. Kooiman,SP,J.C.M. Swinkels,D66,22
M.M. van Toorenburg,CDA,K.M. Buitenweg,GL,21
S.J.F. van der Graaf,CU,C.N. van den Berge,GL,21
N. Özütok,GL,A.A.G.M. van Raak,SP,21
M. van Nispen,SP,J. van Wijngaarden,VVD,21
A.H. Kuiken,PvdA,J. van Wijngaarden,VVD,21
M. van Nispen,SP,J.C.M. Swinkels,D66,20
M. van Nispen,SP,I.J.M. Michon-Derkzen,VVD,20
M.H. Bikker,Unknown,C.E. Ellemeet,GL,19
C.E. Ellemeet,GL,P.A. (Pia) Dijkstra,D66,19
H. van der Molen,CDA,J. Middendorp,VVD,19
A.E. Diertens,D66,S.J.F. van der Graaf,CU,19
V.A. Bergkamp,D66,A.J.M. Laan-Geselschap,VVD,18
H. van der Molen,CDA,N. Özütok,GL,18
J.Z.C.M. Tielen,VVD,W. Paulusma,D66,18
M.G.W. den Boer,D66,N. Özütok,GL,18
M. Groothuizen,D66,K.M. Buitenweg,GL,18
M. van Nispen,SP,C.J.L. van Dam,CDA,18
J.A.M.J. van den Berg,CDA,L.A. de Lange,VVD,18
A.H. Kuiken,PvdA,W. Paulusma,D66,18
M. van Nispen,SP,L.M.J.S. Helder,PVV,17
V.A. Bergkamp,D66,S.T.M. Hermans,VVD,17
J.Z.C.M. Tielen,VVD,H. van der Molen,CDA,17
M.M. van Toorenburg,CDA,L.M.J.S. Helder,PVV,17
V.A. Bergkamp,D66,C.J.E. Kooiman,SP,17
M.H. Bikker,Unknown,M. Agema,PVV,17
S.J.F. van der Graaf,CU,K.M. Buitenweg,GL,17
I.J.M. Michon-Derkzen,VVD,J.J. van der Werf,D66,17
M.M. van Toorenburg,CDA,C.N. van den Berge,GL,17
S.J.F. van der Graaf,CU,A.A.G.M. van Raak,SP,16
H.G.J. Bruins Slot,CDA,L.T. Bouwmeester,PvdA,16
H.G.J. Bruins Slot,CDA,A.E. Diertens,D66,16
M. van Nispen,SP,S. Mutluer,PvdA,16
M.H. Bikker,Unknown,I.J.M. Michon-Derkzen,VVD,16
A.E. Diertens,D66,K. Regterschot,VVD,16
A. Kuik,CDA,S.J.F. van der Graaf,CU,16
M. Agema,PVV,H.P.J. van Gerven,SP,16
J.A.M.J. van den Berg,CDA,S.J.F. van der Graaf,CU,16
V.A. Bergkamp,D66,M. van Nispen,SP,15
N. Özütok,GL,S.J.F. van der Graaf,CU,15
M. van Nispen,SP,M.A. Berndsen-Jansen,D66,15
C.J.L. van Dam,CDA,J. van Wijngaarden,VVD,15
C.J.L. van Dam,CDA,K.M. Buitenweg,GL,15
J.A.M.J. van den Berg,CDA,J.Z.C.M. Tielen,VVD,15
M.M. van Toorenburg,CDA,A.A.G.M. van Raak,SP,15
V.A. Bergkamp,D66,L.W.D. Geluk-Poortvliet,CDA,15
J.A.M.J. van den Berg,CDA,J. van den Hil,VVD,15
A. Kuik,CDA,A.H. Kuiken,PvdA,14
A. Kuik,CDA,I.J.M. Michon-Derkzen,VVD,14
M. van Nispen,SP,J.M.P. van der Laan,D66,14
A.E. Diertens,D66,N. Özütok,GL,14
K.M. Buitenweg,GL,J. van Wijngaarden,VVD,14
J.A.M.J. van den Berg,CDA,K. Regterschot,VVD,14
E.J. Slootweg,CDA,C.E. Ellemeet,GL,14
M. Agema,PVV,W. Paulusma,D66,14
C.E. Ellemeet,GL,S.A.M. Dijksma,PvdA,14
A. Kuik,CDA,A.E. Diertens,D66,14
H.G.J. Bruins Slot,CDA,M.J.J. Rebel,PvdA,13
M.H. Bikker,Unknown,H.P.M. Hijink,SP,13
M. Groothuizen,D66,C.N. van den Berge,GL,13
M. Agema,PVV,M.C.G. Keijzer,CDA,13
C.E. Ellemeet,GL,M.C.G. Keijzer,CDA,12
M. van Nispen,SP,J. Recourt,PvdA,12
A.E. Diertens,D66,A.A.G.M. van Raak,SP,12
H. van der Molen,CDA,Z. El Yassini,VVD,12
L.M.J.S. Helder,PVV,A.H. Kuiken,PvdA,12
E.J. Slootweg,CDA,S.T.M. Hermans,VVD,11
A.A.G.M. van Raak,SP,C.J.L. van Dam,CDA,11
C.E. Ellemeet,GL,W. Paulusma,D66,11
M.H. Bikker,Unknown,J.M.P. van der Laan,D66,11
C.J.L. van Dam,CDA,A.J.M. Laan-Geselschap,VVD,11
M. van Nispen,SP,J.J. van der Werf,D66,11
C.J.E. Kooiman,SP,M.J.J. Rebel,PvdA,11
P. Oskam,CDA,F. van Oosten,VVD,11
V.A. Bergkamp,D66,M.J.J. Rebel,PvdA,11
H. van der Molen,CDA,J.C. Sneller,D66,11
V.A. Bergkamp,D66,A.H. Kuiken,PvdA,11
M.H. Bikker,Unknown,J.Z.C.M. Tielen,VVD,11
A.E. Diertens,D66,C.J.L. van Dam,CDA,11
C.J.E. Kooiman,SP,C.E. Ellemeet,GL,11
M.G.W. den Boer,D66,C.J.L. van Dam,CDA,11
F. van Oosten,VVD,M. Groothuizen,D66,11
V.A. Bergkamp,D66,H.P.M. Hijink,SP,10
V.A. Bergkamp,D66,H.P.J. van Gerven,SP,10
H.P.M. Hijink,SP,W. Paulusma,D66,10
J.A.M.J. van den Berg,CDA,H.P.J. van Gerven,SP,10
A.H. Kuiken,PvdA,J.M.P. van der Laan,D66,10
C.E. Ellemeet,GL,L.W.D. Geluk-Poortvliet,CDA,10
S.J.F. van der Graaf,CU,J. Middendorp,VVD,10
M.M. van Toorenburg,CDA,O.C. Tellegen,VVD,10
H.G.J. Bruins Slot,CDA,H.P.J. van Gerven,SP,10
M.M. van Toorenburg,CDA,J.C.M. Swinkels,D66,10
F. van Oosten,VVD,J. Recourt,PvdA,10
M.M. van Toorenburg,CDA,M.J.J. Rebel,PvdA,10
C.E. Ellemeet,GL,S.T.M. Hermans,VVD,9
M. van Nispen,SP,C.E. Ellemeet,GL,9
M. van Nispen,SP,J.C. Sneller,D66,9
L.M.J.S. Helder,PVV,I.J.M. Michon-Derkzen,VVD,9
S.J.F. van der Graaf,CU,A.J.M. Laan-Geselschap,VVD,9
M.G.W. den Boer,D66,K.M. Buitenweg,GL,9
M.G.W. den Boer,D66,J. Middendorp,VVD,9
M. van Nispen,SP,F. van Oosten,VVD,9
M. van Nispen,SP,P. Oskam,CDA,9
M.M. van Toorenburg,CDA,N. Drost,CU,9
C.J.E. Kooiman,SP,S.A.M. Dijksma,PvdA,9
J.M.P. van der Laan,D66,L.M. Werner,CDA,9
C.J.E. Kooiman,SP,L.M.J.S. Helder,PVV,9
L.M.J.S. Helder,PVV,M.A. Berndsen-Jansen,D66,9
I.J.M. Michon-Derkzen,VVD,S. Mutluer,PvdA,9
C.J.L. van Dam,CDA,C.N. van den Berge,GL,8
H.G.J. Bruins Slot,CDA,A.C.L. (Arno) Rutte,VVD,8
E.J. Slootweg,CDA,J.C. Sneller,D66,8
A.C.L. (Arno) Rutte,VVD,C.E. Ellemeet,GL,8
B. van 't Wout,VVD,O.E.T. (Otwin) van Dijk,PvdA,8
C.E. Ellemeet,GL,A.J.M. Laan-Geselschap,VVD,8
P. Oskam,CDA,J. Recourt,PvdA,8
L.M.J.S. Helder,PVV,P. Oskam,CDA,8
J. Recourt,PvdA,O.C. Tellegen,VVD,8
A.A.G.M. van Raak,SP,K.M. Buitenweg,GL,8
L.M. Werner,CDA,F. Sahla,D66,8
J. van den Hil,VVD,W. Paulusma,D66,8
O.C. Tellegen,VVD,P.A. (Pia) Dijkstra,D66,8
V.A. Bergkamp,D66,C.N. van den Berge,GL,8
H. van der Molen,CDA,A.H. Kuiken,PvdA,8
V.A. Bergkamp,D66,K.M. Buitenweg,GL,8
M.H. Bikker,Unknown,S. Mutluer,PvdA,8
M.M. van Toorenburg,CDA,A.J.M. Laan-Geselschap,VVD,8
M. Agema,PVV,L.M. Werner,CDA,8
M. van Nispen,SP,A.E. Diertens,D66,8
M. Agema,PVV,J.Z.C.M. Tielen,VVD,8
P. Oskam,CDA,O.C. Tellegen,VVD,8
C.J.E. Kooiman,SP,O.C. Tellegen,VVD,8
J.A.M.J. van den Berg,CDA,A.C.L. (Arno) Rutte,VVD,8
A. Kuik,CDA,C.E. Ellemeet,GL,7
J. Recourt,PvdA,J.C.M. Swinkels,D66,7
A.C.L. (Arno) Rutte,VVD,L.T. Bouwmeester,PvdA,7
C.J.L. van Dam,CDA,F. van Oosten,VVD,7
H. van der Molen,CDA,A.E. Diertens,D66,7
A.H. Kuiken,PvdA,F. van Oosten,VVD,7
V.A. Bergkamp,D66,H.G.J. Bruins Slot,CDA,7
M.H. Bikker,Unknown,J.J. van der Werf,D66,7
V.A. Bergkamp,D66,L.A. de Lange,VVD,7
N. Drost,CU,J. van Wijngaarden,VVD,7
F. van Oosten,VVD,M.J.J. Rebel,PvdA,7
M.H. Bikker,Unknown,E.J. Slootweg,CDA,7
J. van Wijngaarden,VVD,C.N. van den Berge,GL,7
I.J.M. Michon-Derkzen,VVD,C.E. Ellemeet,GL,7
M. Agema,PVV,J.M.P. van der Laan,D66,7
H.G.J. Bruins Slot,CDA,I.K. van Engelshoven,D66,7
H.G.J. Bruins Slot,CDA,O.E.T. (Otwin) van Dijk,PvdA,7
M.M. van Toorenburg,CDA,M.A. Berndsen-Jansen,D66,7
V.A. Bergkamp,D66,S.J.F. van der Graaf,CU,7
L.M.J.S. Helder,PVV,C.J.L. van Dam,CDA,7
M. van Nispen,SP,M.J.J. Rebel,PvdA,7
M.G.W. den Boer,D66,A.J.M. Laan-Geselschap,VVD,7
J.A.M.J. van den Berg,CDA,P.A. (Pia) Dijkstra,D66,7
M. Agema,PVV,S.T.M. Hermans,VVD,7
N. Özütok,GL,I.K. van Engelshoven,D66,7
V.A. Bergkamp,D66,A.C.L. (Arno) Rutte,VVD,7
J.A.M.J. van den Berg,CDA,A.A.G.M. van Raak,SP,7
A. Kuik,CDA,J.J. van der Werf,D66,6
A. Kuik,CDA,S.T.M. Hermans,VVD,6
A. Kuik,CDA,C.N. van den Berge,GL,6
A.H. Kuiken,PvdA,T. van Gent,VVD,6
L.M.J.S. Helder,PVV,J.J. van der Werf,D66,6
H.P.M. Hijink,SP,S.T.M. Hermans,VVD,6
H. van der Molen,CDA,H. Bevers,VVD,6
H.P.J. van Gerven,SP,M.C.G. Keijzer,CDA,6
C.E. Ellemeet,GL,L.M. Werner,CDA,6
C.E. Ellemeet,GL,O.C. Tellegen,VVD,6
C.E. Ellemeet,GL,S. Mutluer,PvdA,6
S.J.F. van der Graaf,CU,F. van Oosten,VVD,6
S.J.F. van der Graaf,CU,Z. El Yassini,VVD,6
J. Recourt,PvdA,M.A. Berndsen-Jansen,D66,6
V.A. Bergkamp,D66,M.M. van Toorenburg,CDA,6
K.M. Buitenweg,GL,A.J.M. Laan-Geselschap,VVD,6
J.Z.C.M. Tielen,VVD,A.H. Kuiken,PvdA,6
M. van Nispen,SP,S.A.M. Dijksma,PvdA,6
M.G.W. den Boer,D66,A.H. Kuiken,PvdA,6
M. van Nispen,SP,T. van Gent,VVD,6
V.A. Bergkamp,D66,O.C. Tellegen,VVD,6
L.T. Bouwmeester,PvdA,P.A. (Pia) Dijkstra,D66,6
V.A. Bergkamp,D66,S.A.M. Dijksma,PvdA,5
J.A.M.J. van den Berg,CDA,D. de Neef,VVD,5
J.M.P. van der Laan,D66,O.C. Tellegen,VVD,5
M. Agema,PVV,A.C.L. (Arno) Rutte,VVD,5
H.G.J. Bruins Slot,CDA,C.E. Ellemeet,GL,5
A.A.G.M. van Raak,SP,J. Recourt,PvdA,5
M.H. Bikker,Unknown,L.M. Werner,CDA,5
M.M. van Toorenburg,CDA,A. Marcouch,PvdA,5
H.G.J. Bruins Slot,CDA,M. van Nispen,SP,5
M.M. van Toorenburg,CDA,T. van Gent,VVD,5
M. Agema,PVV,O.C. Tellegen,VVD,5
A.C.L. (Arno) Rutte,VVD,P.A. (Pia) Dijkstra,D66,5
A.C.L. (Arno) Rutte,VVD,M. Groothuizen,D66,5
C.E. Ellemeet,GL,J.M.P. van der Laan,D66,5
C.E. Ellemeet,GL,A.E. Diertens,D66,5
H.P.J. van Gerven,SP,P.A. (Pia) Dijkstra,D66,5
L.A. de Lange,VVD,A.E. Diertens,D66,5
A. Kuik,CDA,M. Agema,PVV,5
A.E. Diertens,D66,M.N. Bolkestein,VVD,5
V.A. Bergkamp,D66,B. van 't Wout,VVD,5
V.A. Bergkamp,D66,Z. El Yassini,VVD,5
M.A. Berndsen-Jansen,D66,M.J.J. Rebel,PvdA,5
H.P.M. Hijink,SP,S.A.M. Dijksma,PvdA,5
M.H. Bikker,Unknown,J. van den Hil,VVD,5
L.M.J.S. Helder,PVV,F. van Oosten,VVD,5
O.C. Tellegen,VVD,A. Marcouch,PvdA,5
L.W.D. Geluk-Poortvliet,CDA,Z. El Yassini,VVD,5
N. Özütok,GL,J. Middendorp,VVD,5
J. Middendorp,VVD,N. Drost,CU,5
M. van Nispen,SP,N. Özütok,GL,5
J.A.M.J. van den Berg,CDA,J.M.P. van der Laan,D66,5
M.G.W. den Boer,D66,A.A.G.M. van Raak,SP,5
L.M.J.S. Helder,PVV,S.J.F. van der Graaf,CU,5
O.C. Tellegen,VVD,L.M. Werner,CDA,5
M. Agema,PVV,S.A.M. Dijksma,PvdA,5
K.M. Buitenweg,GL,N. Drost,CU,5
C.J.E. Kooiman,SP,J. Recourt,PvdA,5
M. Agema,PVV,J. van den Hil,VVD,5
C.J.E. Kooiman,SP,A. Marcouch,PvdA,5
C.N. van den Berge,GL,T. van Gent,VVD,4
C.N. van den Berge,GL,Z. El Yassini,VVD,4
C.E. Ellemeet,GL,K. Gerbrands,PVV,4
C.E. Ellemeet,GL,J.J. van der Werf,D66,4
A. Kuik,CDA,S. Mutluer,PvdA,4
A. Kuik,CDA,M.N. Bolkestein,VVD,4
A. Kuik,CDA,J.M.P. van der Laan,D66,4
E.J. Slootweg,CDA,H.P.M. Hijink,SP,4
A.A.G.M. van Raak,SP,A.J.M. Laan-Geselschap,VVD,4
E.J. Slootweg,CDA,A.J.M. Laan-Geselschap,VVD,4
M. Agema,PVV,H.G.J. Bruins Slot,CDA,4
F. van Oosten,VVD,A. Marcouch,PvdA,4
M.M. van Toorenburg,CDA,J. Recourt,PvdA,4
J. Recourt,PvdA,G.A. van der Steur,VVD,4
F. van Oosten,VVD,K.M. Buitenweg,GL,4
A.G. Wolbert,PvdA,A.C.L. (Arno) Rutte,VVD,4
S.J.F. van der Graaf,CU,J.C. Sneller,D66,4
M.M. van Toorenburg,CDA,A.C.L. (Arno) Rutte,VVD,4
A.G. Wolbert,PvdA,P.A. (Pia) Dijkstra,D66,4
M. Agema,PVV,A.E. Diertens,D66,4
A.H. Kuiken,PvdA,N. Drost,CU,4
M. Groothuizen,D66,N. Drost,CU,4
N. Özütok,GL,C.J.L. van Dam,CDA,4
C.J.E. Kooiman,SP,M.C.G. Keijzer,CDA,4
N. Özütok,GL,J.C. Sneller,D66,4
J.A.M.J. van den Berg,CDA,S.A.M. Dijksma,PvdA,4
L.A. de Lange,VVD,A.H. Kuiken,PvdA,4
M. van Nispen,SP,H. van der Molen,CDA,4
M.C.G. Keijzer,CDA,M.J.J. Rebel,PvdA,4
A.H. Kuiken,PvdA,K. Regterschot,VVD,4
H. van der Molen,CDA,T. van Gent,VVD,4
V.A. Bergkamp,D66,J. van Wijngaarden,VVD,4
M.C.G. Keijzer,CDA,K. Gerbrands,PVV,4
H. van der Molen,CDA,C.N. van den Berge,GL,4
A.H. Kuiken,PvdA,J. van den Hil,VVD,4
M.H. Bikker,Unknown,J.C. Sneller,D66,4
P. Oskam,CDA,M.J.J. Rebel,PvdA,4
H.P.M. Hijink,SP,O.C. Tellegen,VVD,4
H.P.M. Hijink,SP,L.M. Werner,CDA,4
H. van der Molen,CDA,A.A.G.M. van Raak,SP,4
A.E. Diertens,D66,L.W.D. Geluk-Poortvliet,CDA,4
A. Kuik,CDA,Z. El Yassini,VVD,4
A. Kuik,CDA,J. van Wijngaarden,VVD,3
A. Kuik,CDA,J.Z.C.M. Tielen,VVD,3
S.T.M. Hermans,VVD,W. Paulusma,D66,3
P.A. (Pia) Dijkstra,D66,O.E.T. (Otwin) van Dijk,PvdA,3
P.A. (Pia) Dijkstra,D66,T. van Ark,VVD,3
S. Mutluer,PvdA,J.J. van der Werf,D66,3
H. van der Molen,CDA,J.M.P. van der Laan,D66,3
H.P.M. Hijink,SP,J.M.P. van der Laan,D66,3
A.H. Kuiken,PvdA,J.C. Sneller,D66,3
L.M.J.S. Helder,PVV,G.A. van der Steur,VVD,3
L.M.J.S. Helder,PVV,O.C. Tellegen,VVD,3
L.M.J.S. Helder,PVV,A.A.G.M. van Raak,SP,3
L.M.J.S. Helder,PVV,J.C.M. Swinkels,D66,3
L.M.J.S. Helder,PVV,M. Groothuizen,D66,3
L.M.J.S. Helder,PVV,J. Recourt,PvdA,3
H.P.M. Hijink,SP,S. Mutluer,PvdA,3
H. van der Molen,CDA,M.A.J. Snoeren,VVD,3
A.E. Diertens,D66,S.T.M. Hermans,VVD,3
A.H. Kuiken,PvdA,C.A. Jansen,PVV,3
A.H. Kuiken,PvdA,S.T.M. Hermans,VVD,3
A.H. Kuiken,PvdA,A.J.M. Laan-Geselschap,VVD,3
K. Regterschot,VVD,L.W.D. Geluk-Poortvliet,CDA,3
N. Özütok,GL,Z. El Yassini,VVD,3
N. Özütok,GL,N. Drost,CU,3
M.M. van Toorenburg,CDA,G.A. van der Steur,VVD,3
A.A.G.M. van Raak,SP,O.C. Tellegen,VVD,3
A.G. Wolbert,PvdA,H.P.J. van Gerven,SP,3
H.G.J. Bruins Slot,CDA,N. Özütok,GL,3
H.G.J. Bruins Slot,CDA,A.A.G.M. van Raak,SP,3
C.E. Ellemeet,GL,J. van den Hil,VVD,3
H.P.J. van Gerven,SP,A.C.L. (Arno) Rutte,VVD,3
H.P.J. van Gerven,SP,A.E. Diertens,D66,3
C.E. Ellemeet,GL,Z. El Yassini,VVD,3
H.G.J. Bruins Slot,CDA,A.G. Wolbert,PvdA,3
A.A.G.M. van Raak,SP,M.C.G. Keijzer,CDA,3
M. Agema,PVV,A.J.M. Laan-Geselschap,VVD,3
M. Agema,PVV,C.J.E. Kooiman,SP,3
M. Agema,PVV,E.J. Slootweg,CDA,3
L.W.D. Geluk-Poortvliet,CDA,A.J.M. Laan-Geselschap,VVD,3
O.C. Tellegen,VVD,M.A. Berndsen-Jansen,D66,3
V.A. Bergkamp,D66,K. Regterschot,VVD,3
M.H. Bikker,Unknown,S.T.M. Hermans,VVD,3
M.H. Bikker,Unknown,H. Bevers,VVD,3
M.H. Bikker,Unknown,O.C. Tellegen,VVD,3
A.J.M. Laan-Geselschap,VVD,P.A. (Pia) Dijkstra,D66,3
J. van den Hil,VVD,F. Sahla,D66,3
J. van den Hil,VVD,L.M. Werner,CDA,3
A.C.L. (Arno) Rutte,VVD,S.J.F. van der Graaf,CU,3
A.C.L. (Arno) Rutte,VVD,O.E.T. (Otwin) van Dijk,PvdA,3
A.C.L. (Arno) Rutte,VVD,M.C.G. Keijzer,CDA,3
M.A. Berndsen-Jansen,D66,J.M.A.M. de Wit,SP,3
A. Kuik,CDA,H.P.M. Hijink,SP,3
M.J.J. Rebel,PvdA,J.C.M. Swinkels,D66,3
M.J.J. Rebel,PvdA,P.A. (Pia) Dijkstra,D66,3
A. Kuik,CDA,V.A. Bergkamp,D66,2
A. Kuik,CDA,S.A.M. Dijksma,PvdA,2
O.E.T. (Otwin) van Dijk,PvdA,Y. Berckmoes-Duindam,VVD,2
J.C. Sneller,D66,B. van 't Wout,VVD,2
F. Sahla,D66,H. Bevers,VVD,2
H.P.J. van Gerven,SP,A.H. Kuiken,PvdA,2
H.P.J. van Gerven,SP,M.H.H. Baay-Timmerman,50PLUS/Baay-Timmerman,2
H.P.J. van Gerven,SP,C.A. Jansen,PVV,2
C.E. Ellemeet,GL,C.J.L. van Dam,CDA,2
C.E. Ellemeet,GL,F. Sahla,D66,2
A.C.L. (Arno) Rutte,VVD,C.J.L. van Dam,CDA,2
A.C.L. (Arno) Rutte,VVD,A.H. Kuiken,PvdA,2
H.P.M. Hijink,SP,A.E. Diertens,D66,2
L.M.J.S. Helder,PVV,J.M.A.M. de Wit,SP,2
L.M.J.S. Helder,PVV,K.M. Buitenweg,GL,2
A.H. Kuiken,PvdA,M.N. Bolkestein,VVD,2
M. van Nispen,SP,G.A. van der Steur,VVD,2
M. van Nispen,SP,N. Drost,CU,2
A.H. Kuiken,PvdA,J. Middendorp,VVD,2
C.E. Ellemeet,GL,O.E.T. (Otwin) van Dijk,PvdA,2
P. Oskam,CDA,J.M.A.M. de Wit,SP,2
H.P.M. Hijink,SP,S.J.F. van der Graaf,CU,2
L.A. de Lange,VVD,L.T. Bouwmeester,PvdA,2
H.P.M. Hijink,SP,K.M. Buitenweg,GL,2
A.E. Diertens,D66,N. Drost,CU,2
A.E. Diertens,D66,C.A. Jansen,PVV,2
A.E. Diertens,D66,Z. El Yassini,VVD,2
H. van der Molen,CDA,B. van 't Wout,VVD,2
H.P.M. Hijink,SP,C.A. Jansen,PVV,2
H.P.M. Hijink,SP,L.W.D. Geluk-Poortvliet,CDA,2
L.M.J.S. Helder,PVV,M.J.J. Rebel,PvdA,2
F. van Oosten,VVD,M.A. Berndsen-Jansen,D66,2
C.J.L. van Dam,CDA,T. van Gent,VVD,2
C.J.L. van Dam,CDA,N. Drost,CU,2
S.J.F. van der Graaf,CU,T. van Gent,VVD,2
J.M.P. van der Laan,D66,J. van den Hil,VVD,2
J.Z.C.M. Tielen,VVD,H.P.M. Hijink,SP,2
M.M. van Toorenburg,CDA,N. Özütok,GL,2
S. Mutluer,PvdA,J.C. Sneller,D66,2
A. Marcouch,PvdA,A. van Miltenburg,VVD,2
M.H. Bikker,Unknown,F. Sahla,D66,2
M.A. Berndsen-Jansen,D66,A. Marcouch,PvdA,2
M.C.G. Keijzer,CDA,O.E.T. (Otwin) van Dijk,PvdA,2
V.A. Bergkamp,D66,M.H.H. Baay-Timmerman,50PLUS/Baay-Timmerman,2
M. Agema,PVV,S.J.F. van der Graaf,CU,2
F. van Oosten,VVD,J.M.A.M. de Wit,SP,2
J. Middendorp,VVD,K.M. Buitenweg,GL,2
J.A.M.J. van den Berg,CDA,J. Middendorp,VVD,2
J.A.M.J. van den Berg,CDA,H. Bevers,VVD,2
J.A.M.J. van den Berg,CDA,C.A. Jansen,PVV,2
J. Middendorp,VVD,I.K. van Engelshoven,D66,2
D. de Neef,VVD,F. Sahla,D66,2
M.C.G. Keijzer,CDA,P.A. (Pia) Dijkstra,D66,2
V.A. Bergkamp,D66,T. van Gent,VVD,2
L.W.D. Geluk-Poortvliet,CDA,S.T.M. Hermans,VVD,2
V.A. Bergkamp,D66,L.T. Bouwmeester,PvdA,2
L.M. Werner,CDA,W. Paulusma,D66,2
S.A.M. Dijksma,PvdA,P.A. (Pia) Dijkstra,D66,2
H.G.J. Bruins Slot,CDA,J. Middendorp,VVD,2
H.G.J. Bruins Slot,CDA,C.J.E. Kooiman,SP,2
A.A.G.M. van Raak,SP,N. Drost,CU,2
E.J. Slootweg,CDA,H.P.J. van Gerven,SP,2
M. Agema,PVV,P.A. (Pia) Dijkstra,D66,2
C.J.E. Kooiman,SP,F. van Oosten,VVD,2
N. Özütok,GL,B. van 't Wout,VVD,2
N. Özütok,GL,T. van Gent,VVD,2
L.M.J.S. Helder,PVV,A.J.M. Laan-Geselschap,VVD,2
M. van Nispen,SP,C.A. Jansen,PVV,2
M.G.W. den Boer,D66,M. van Nispen,SP,2
J.C. Sneller,D66,Z. El Yassini,VVD,1
J.C. Sneller,D66,M.A.J. Snoeren,VVD,1
P.A. (Pia) Dijkstra,D66,B. van 't Wout,VVD,1
P.A. (Pia) Dijkstra,D66,A. van Miltenburg,VVD,1
P.A. (Pia) Dijkstra,D66,M.H.H. Baay-Timmerman,50PLUS/Baay-Timmerman,1
A. Kuik,CDA,H.P.J. van Gerven,SP,1
J.C.M. Swinkels,D66,A. Marcouch,PvdA,1
M. van Nispen,SP,I.K. van Engelshoven,D66,1
M. van Nispen,SP,L.M. Werner,CDA,1
A.H. Kuiken,PvdA,O.C. Tellegen,VVD,1
A.H. Kuiken,PvdA,L.M. Werner,CDA,1
A.H. Kuiken,PvdA,J.J. van der Werf,D66,1
A.H. Kuiken,PvdA,G.M.Mc. William,Unknown,1
A.H. Kuiken,PvdA,R.G. Tjon ,Unknown,1
A.H. Kuiken,PvdA,D. de Neef,VVD,1
L.M.J.S. Helder,PVV,C.E. Ellemeet,GL,1
L.M.J.S. Helder,PVV,M.H.H. Baay-Timmerman,50PLUS/Baay-Timmerman,1
H. van der Molen,CDA,I.J.M. Michon-Derkzen,VVD,1
H. van der Molen,CDA,N. Drost,CU,1
L.M.J.S. Helder,PVV,A.C.L. (Arno) Rutte,VVD,1
L.M.J.S. Helder,PVV,C.N. van den Berge,GL,1
H.P.M. Hijink,SP,L.A. de Lange,VVD,1
H.P.M. Hijink,SP,J. van den Hil,VVD,1
H.P.M. Hijink,SP,A.C.L. (Arno) Rutte,VVD,1
H.P.J. van Gerven,SP,O.E.T. (Otwin) van Dijk,PvdA,1
I.J.M. Michon-Derkzen,VVD,A.H. Kuiken,PvdA,1
I.J.M. Michon-Derkzen,VVD,J.C. Sneller,D66,1
L.A. de Lange,VVD,P.A. (Pia) Dijkstra,D66,1
L.A. de Lange,VVD,M.C.G. Keijzer,CDA,1
H.P.J. van Gerven,SP,S.T.M. Hermans,VVD,1
H.P.J. van Gerven,SP,M.J.J. Rebel,PvdA,1
A.E. Diertens,D66,R.G. Tjon ,Unknown,1
A.E. Diertens,D66,G.M.Mc. William,Unknown,1
P. Oskam,CDA,A. Marcouch,PvdA,1
H. van der Molen,CDA,J. van Wijngaarden,VVD,1
P. Oskam,CDA,G.A. van der Steur,VVD,1
P. Oskam,CDA,A.A.G.M. van Raak,SP,1
P. Oskam,CDA,J. van Wijngaarden,VVD,1
H.P.M. Hijink,SP,A.J.M. Laan-Geselschap,VVD,1
A.C.L. (Arno) Rutte,VVD,K.M. Buitenweg,GL,1
A.C.L. (Arno) Rutte,VVD,M.H.H. Baay-Timmerman,50PLUS/Baay-Timmerman,1
C.E. Ellemeet,GL,M.A. Berndsen-Jansen,D66,1
C.E. Ellemeet,GL,C.A. Jansen,PVV,1
C.E. Ellemeet,GL,L.A. de Lange,VVD,1
H.P.J. van Gerven,SP,A.J.M. Laan-Geselschap,VVD,1
H.G.J. Bruins Slot,CDA,M.H.H. Baay-Timmerman,50PLUS/Baay-Timmerman,1
S.J.F. van der Graaf,CU,M.N. Bolkestein,VVD,1
A.A.G.M. van Raak,SP,M. Groothuizen,D66,1
A.A.G.M. van Raak,SP,J. Middendorp,VVD,1
A.A.G.M. van Raak,SP,G.M.Mc. William,Unknown,1
A.G. Wolbert,PvdA,M.M. van Toorenburg,CDA,1
S.J.F. van der Graaf,CU,M.A.J. Snoeren,VVD,1
J.M.P. van der Laan,D66,S.J.F. van der Graaf,CU,1
A.G. Wolbert,PvdA,M.C.G. Keijzer,CDA,1
J.Z.C.M. Tielen,VVD,C.N. van den Berge,GL,1
A.G. Wolbert,PvdA,A.A.G.M. van Raak,SP,1
H.G.J. Bruins Slot,CDA,B. van 't Wout,VVD,1
M.G.W. den Boer,D66,L.M.J.S. Helder,PVV,1
M.G.W. den Boer,D66,T. van Gent,VVD,1
M.M. van Toorenburg,CDA,J.M.A.M. de Wit,SP,1
M.M. van Toorenburg,CDA,M.H.H. Baay-Timmerman,50PLUS/Baay-Timmerman,1
C.J.E. Kooiman,SP,J. van Wijngaarden,VVD,1
M.G.W. den Boer,D66,L.A. de Lange,VVD,1
C.J.E. Kooiman,SP,G.A. van der Steur,VVD,1
M.G.W. den Boer,D66,F. van Oosten,VVD,1
M.G.W. den Boer,D66,N. Drost,CU,1
M.G.W. den Boer,D66,C.N. van den Berge,GL,1
N. Özütok,GL,L.W.D. Geluk-Poortvliet,CDA,1
A.H. Kuiken,PvdA,F. Sahla,D66,1
A.H. Kuiken,PvdA,B. van 't Wout,VVD,1
M. van Nispen,SP,A.J.M. Laan-Geselschap,VVD,1
M. Agema,PVV,L.A. de Lange,VVD,1
M. Agema,PVV,L.W.D. Geluk-Poortvliet,CDA,1
M. Agema,PVV,O.E.T. (Otwin) van Dijk,PvdA,1
C.J.L. van Dam,CDA,O.C. Tellegen,VVD,1
C.J.L. van Dam,CDA,J. Middendorp,VVD,1
E.J. Slootweg,CDA,S.A.M. Dijksma,PvdA,1
C.J.L. van Dam,CDA,G.M.Mc. William,Unknown,1
C.J.L. van Dam,CDA,R.G. Tjon ,Unknown,1
E.J. Slootweg,CDA,L.M.J.S. Helder,PVV,1
E.J. Slootweg,CDA,L.A. de Lange,VVD,1
A.A.G.M. van Raak,SP,B. van 't Wout,VVD,1
A.A.G.M. van Raak,SP,I.K. van Engelshoven,D66,1
A.A.G.M. van Raak,SP,J.C. Sneller,D66,1
E.J. Slootweg,CDA,M. van Nispen,SP,1
E.J. Slootweg,CDA,S. Mutluer,PvdA,1
E.J. Slootweg,CDA,T. van Gent,VVD,1
A.G. Wolbert,PvdA,M.H.H. Baay-Timmerman,50PLUS/Baay-Timmerman,1
A.A.G.M. van Raak,SP,F. van Oosten,VVD,1
A.A.G.M. van Raak,SP,M.A.J. Snoeren,VVD,1
A.A.G.M. van Raak,SP,R.G. Tjon ,Unknown,1
M. Agema,PVV,K. Regterschot,VVD,1
J.A.M.J. van den Berg,CDA,N. Özütok,GL,1
J.A.M.J. van den Berg,CDA,C.N. van den Berge,GL,1
J.A.M.J. van den Berg,CDA,O.C. Tellegen,VVD,1
J.A.M.J. van den Berg,CDA,T. van Gent,VVD,1
J.A.M.J. van den Berg,CDA,K.M. Buitenweg,GL,1
J.A.M.J. van den Berg,CDA,F. Sahla,D66,1
M. Agema,PVV,Z. El Yassini,VVD,1
F. van Oosten,VVD,J.C.M. Swinkels,D66,1
J.A.M.J. van den Berg,CDA,S.T.M. Hermans,VVD,1
E.J. Slootweg,CDA,N. Drost,CU,1
M. Agema,PVV,M.J.J. Rebel,PvdA,1
V.A. Bergkamp,D66,Y. Berckmoes-Duindam,VVD,1
J.A.M.J. van den Berg,CDA,M.G.W. den Boer,D66,1
V.A. Bergkamp,D66,N. Drost,CU,1
V.A. Bergkamp,D66,J.Z.C.M. Tielen,VVD,1
M.C.G. Keijzer,CDA,M.A. Berndsen-Jansen,D66,1
J.A.M.J. van den Berg,CDA,J. van Wijngaarden,VVD,1
O.C. Tellegen,VVD,W. Paulusma,D66,1
O.C. Tellegen,VVD,M.C.G. Keijzer,CDA,1
L.M. Werner,CDA,J. van Wijngaarden,VVD,1
A.J.M. Laan-Geselschap,VVD,N. Drost,CU,1
N. Drost,CU,G.M.Mc. William,Unknown,1
N. Drost,CU,R.G. Tjon ,Unknown,1
M.C.G. Keijzer,CDA,Y. Berckmoes-Duindam,VVD,1
V.A. Bergkamp,D66,F. van Oosten,VVD,1
S.A.M. Dijksma,PvdA,S.T.M. Hermans,VVD,1
L.T. Bouwmeester,PvdA,J. van Wijngaarden,VVD,1
A. Kuik,CDA,L.M.J.S. Helder,PVV,1
M.H. Bikker,Unknown,J. van Wijngaarden,VVD,1
M.H. Bikker,Unknown,S.J.F. van der Graaf,CU,1
M.H. Bikker,Unknown,L.M.J.S. Helder,PVV,1
N. Drost,CU,C.N. van den Berge,GL,1
J. van Wijngaarden,VVD,P.A. (Pia) Dijkstra,D66,1
A. Kuik,CDA,M. Groothuizen,D66,1
A. Kuik,CDA,J.C. Sneller,D66,1
M.A. Berndsen-Jansen,D66,M.H.H. Baay-Timmerman,50PLUS/Baay-Timmerman,1
J. van Wijngaarden,VVD,J.C.M. Swinkels,D66,1
M.A. Berndsen-Jansen,D66,G.A. van der Steur,VVD,1
M.J.J. Rebel,PvdA,Y. Berckmoes-Duindam,VVD,1
M.J.J. Rebel,PvdA,G.A. van der Steur,VVD,1
M.J.J. Rebel,PvdA,J.M.A.M. de Wit,SP,1
A. Marcouch,PvdA,G.A. van der Steur,VVD,1
J.M.A.M. de Wit,SP,M.H.H. Baay-Timmerman,50PLUS/Baay-Timmerman,1
