MP_ID,Name,Actual_Party,Leiden_Community
88bf9f29-aa91-4ddd-ad2d-b73dfe6706ef,A. Kuik,CDA,0
388e72cf-63dd-4839-9ce7-5491b6bdcfd8,M.H. Bikker,Unknown,0
aa0272f6-6e3c-41f7-b040-b774b30d2196,V.A. Bergkamp,D66,0
c0d8ed4a-ec11-48e2-a468-6cd93327305b,J.A.M.J. van den Berg,CDA,0
1c889902-6ede-427c-8682-000f683fffaa,M. Agema,PVV,0
d0d8dcbd-4818-4925-a684-13767c7dae0d,E.J. Slootweg,CDA,0
c128a46d-ebd9-4ee9-80cc-16bfe505e539,H.G.J. Bruins Slot,CDA,0
9c4710f5-fb0b-42cc-9d53-4cf5dfe6e27c,A.G. Wolbert,PvdA,0
97ffe642-648f-4dab-a0e8-0720e96e3e35,J.Z.C.M. Tielen,VVD,0
bd954447-a92c-4899-a9a8-4a58569fd4d2,M.M. van Toorenburg,CDA,0
2211a588-7417-4e26-a386-801fe8798bd1,C.J.E. Kooiman,SP,0
808636f6-10d2-4ed6-a5fe-f98ab3fcbbee,M.G.W. den Boer,D66,0
fdc445bd-f8fe-4cfc-b387-7fd66a181674,M. van Nispen,SP,0
74b44968-d1f2-482a-a365-1fbb4cbda7f9,L.M.J.S. Helder,PVV,0
016247cb-6d9f-408a-9581-ae3769016076,H.P.M. Hijink,SP,0
337a0873-453c-459f-99c7-2726975a71da,H. van der Molen,CDA,0
81d3a9a6-03c1-424b-873f-2df53af69e6c,P. Oskam,CDA,0
973da897-66c7-4010-a98d-505e0e97a60c,I.J.M. Michon-Derkzen,VVD,0
64522cbc-a297-4c67-a204-1e31deb91f68,H.P.J. van Gerven,SP,0
4d13ea1d-c9b6-4313-8ba0-fd040d8a319e,A.C.L. (Arno) Rutte,VVD,0
551f9a19-738c-4298-afe1-5ca7959ab74b,C.E. Ellemeet,GL,0
9431dc1b-9891-4d15-aaf1-b98e347c3b46,L.A. de Lange,VVD,0
bf97025a-1c30-4042-bffe-948027f24e6c,A.E. Diertens,D66,0
4c3e51e6-9f1e-49cc-a919-f74a8c88343e,A.H. Kuiken,PvdA,0
fd544ce8-6d2a-4d79-81e0-c240fcf1776e,K. Regterschot,VVD,0
a4074721-5d4d-444a-bb98-1ddbc592a78a,N. Özütok,GL,0
fb291eb2-962a-482f-971a-0b62673f9a86,J.M.P. van der Laan,D66,0
fa4d473c-e553-439e-8f53-ca5f2b203dbd,S.J.F. van der Graaf,CU,0
ae91b7a3-544d-40c7-8373-815a0bd18cf0,A.A.G.M. van Raak,SP,0
b4fdf408-8296-4d14-9e95-b4b96dc20751,C.J.L. van Dam,CDA,0
1456a009-770b-4820-8919-55287a5780a7,F. van Oosten,VVD,0
eef0e09f-c709-4de5-8b44-086876d5f631,J. Recourt,PvdA,0
0ac5a30c-b25b-41cf-97ce-b3c1b3687202,M. Groothuizen,D66,0
c0648a21-11c6-4b4f-a4be-205d7dcbb746,J. Middendorp,VVD,0
ad8654f3-811a-4a63-ab7a-01bf76347caa,L.W.D. Geluk-Poortvliet,CDA,0
2b223ce1-e251-462b-a5fc-971c92bbf37c,D. de Neef,VVD,0
3c3a7304-0f4d-4b1f-a953-a6515b8b7670,K.M. Buitenweg,GL,0
2538ca6a-8254-4c7e-af71-a20db82afd30,O.C. Tellegen,VVD,0
8c5a8186-8f46-4bca-956d-06d4fa521635,M.C.G. Keijzer,CDA,0
cfd07390-25a9-4fdb-bced-8a463530bf51,L.T. Bouwmeester,PvdA,0
c6f061f1-9cb7-4e0a-a281-4fc80527c5d7,S.A.M. Dijksma,PvdA,0
8509e44d-0f9b-413a-a2cd-f64d656c3955,J. van den Hil,VVD,0
0d70272a-5caf-4f32-aecb-76277e55999f,L.M. Werner,CDA,0
b3230578-426f-4b84-bfe2-6a8136c6a3af,A.J.M. Laan-Geselschap,VVD,0
8f6a5115-367e-4dc2-88c5-1eae50593652,N. Drost,CU,0
7d18b6e3-de0c-4aea-bef8-242bbc38e936,J. van Wijngaarden,VVD,0
83a1ccbf-fe6a-4f7a-a0d0-4cf90337ab90,M.A. Berndsen-Jansen,D66,0
a900b4e7-92d9-4903-ab21-3189f17fe2e0,M.J.J. Rebel,PvdA,0
9f855643-68a2-409e-b4fe-81b92547212a,S. Mutluer,PvdA,0
07de26f3-a939-4ae4-b7a5-43f868a665d1,P.A. (Pia) Dijkstra,D66,0
8133067c-1a90-482b-9ee4-e585a096ffb5,J.C.M. Swinkels,D66,0
da9f33b0-80ca-49eb-a1ec-def3b46538d9,J.C. Sneller,D66,0
581d8f64-6060-4cf0-b281-a46ad978cf0d,B. van 't Wout,VVD,0
7f3c60c7-b846-4f3a-a9f4-a18abf37bb3a,T. van Ark,VVD,0
99c6218e-8f0c-45d4-bd24-f300c6cfcb2f,C.N. van den Berge,GL,0
6a54c095-9872-4322-81be-114b74233d40,J.J. van der Werf,D66,0
f289b7eb-f6ba-415b-90d9-1124c652637c,F. Sahla,D66,0
b8663b71-f92b-4d2b-a06b-f78dba168d98,S.T.M. Hermans,VVD,0
23fcb971-c02b-4a00-aa1f-6feed871c5d4,I.K. van Engelshoven,D66,0
13446ead-584b-4835-88bd-26550c4c2ef2,K. Gerbrands,PVV,0
43fd0a28-6a9c-4427-a55c-211fbae70091,O.E.T. (Otwin) van Dijk,PvdA,0
d89044ef-b7df-4a15-be10-d342fe381664,W. Paulusma,D66,0
80d891ee-7f80-4d4f-b486-3b0d1a9fd67a,A. Marcouch,PvdA,0
d3eeba5c-e756-485b-978e-a91629c31e57,J.M.A.M. de Wit,SP,0
c4f7c468-721e-4953-97f2-bff05fe570c4,Z. El Yassini,VVD,0
3c96ed5d-f7bf-4cae-9ec7-a5a29f5299da,C.A. Jansen,PVV,0
fac3056b-df3b-4712-9ae3-56472806747b,M.H.H. Baay-Timmerman,50PLUS/Baay-Timmerman,0
e6e673f5-f0a7-4d34-a6aa-d2f12fed24ed,G.A. van der Steur,VVD,0
a1811d65-87c9-484a-ac37-d0ba90214f91,Y. Berckmoes-Duindam,VVD,0
ad44b24f-bb14-4f4a-a476-3cbbb3e9cdb0,T. van Gent,VVD,0
c1554da8-5650-43fe-893a-2cd8f5f8b4d5,G.M.Mc. William,Unknown,0
da26504f-588f-4f69-85bd-1e2b627441e2,R.G. Tjon ,Unknown,0
722997ad-c4fa-4012-9ea5-f1314978764b,M.A.J. Snoeren,VVD,0
0cd71c11-bddf-46af-a796-780a4756c2b0,H. Bevers,VVD,0
0c78eba7-66a3-4ec9-b084-ed30e0ec5d6f,A. van Miltenburg,VVD,0
efd89dff-2cde-4afc-ab14-e4f9795d1407,M.N. Bolkestein,VVD,0
