run,seed,weighted_modularity,number_of_communities,runtime_seconds
1,686579303,0.2732245279779345,3,88.7268991000019
2,119540831,0.2835806652012153,3,93.9542144999723
3,26855092,0.2837527124988097,6,95.83525830000872
4,796233790,0.3014378617837191,6,89.02139440004248
5,295310485,0.30171268022485764,6,92.24773810000625
6,262950628,0.3047655989750767,7,87.27089260000503
7,239670711,0.298187632152583,6,106.20464230002835
8,149827706,0.28998058249626946,6,89.52324740000768
9,790779946,0.3009774811879436,5,129.85668819997227
10,110053353,0.2949784864362045,6,59.44894239999121
