node_id,name,party,party_id
012f6b98-9fad-4022-bbf9-edb9c7138a0f,W.J. Moorlag,PvdA,8d46d23c-4f20-49be-b279-5439a2ef8d17
0137f25d-849f-428a-b69b-822301b2274e,S. Kerseboom,FVD,e0b7b638-de3c-47cc-85bd-341dd65ea33d
016247cb-6d9f-408a-9581-ae3769016076,H.P.M. Hijink,SP,a3689bb6-3914-4d5c-a6a8-42e24582e299
02d6be0f-0377-4293-8835-17004dfce694,M. Servaes,PvdA,8d46d23c-4f20-49be-b279-5439a2ef8d17
0314d9fa-9128-48ac-acdf-308380c77dde,S. Karabulut,SP,a3689bb6-3914-4d5c-a6a8-42e24582e299
034829b1-019f-4ee2-8961-83e82ac2eaa3,M. (Martin) Bosma,PVV,65129918-f256-4975-9da4-488da34d6695
03a9cbc5-b47d-45b5-81a4-f926c6a326a8,J.S. Monasch,Monasch,2833a04a-0b87-4f74-bd9e-6597f695db43
03d66e4a-8698-44fb-9c29-625630da268c,A.R. Hammelburg,D66,4e9f6f5b-2544-4667-8134-6b85c4ebb4e0
0442fb6c-8441-4292-a275-5f701a223cfc,H.S. Veldman,VVD,7476e97a-3243-4122-9df6-ba7d82a5279b
06e42e42-dbc8-4ccd-ac29-880d2ba1d05f,E. Ziengs,VVD,7476e97a-3243-4122-9df6-ba7d82a5279b
07de26f3-a939-4ae4-b7a5-43f868a665d1,P.A. (Pia) Dijkstra,D66,4e9f6f5b-2544-4667-8134-6b85c4ebb4e0
08ad50b1-831e-4f50-bed4-97d9d42b0752,R.J. Dekker,FVD,e0b7b638-de3c-47cc-85bd-341dd65ea33d
09155809-0b6e-4f9f-a75b-026aa4b35588,F. Azarkan,DENK,deb74bb5-63a9-4ffc-98ed-af577167452e
0a77cc29-6953-4ca2-af45-37d4c83108a2,I.S.H. de Caluwé,VVD,7476e97a-3243-4122-9df6-ba7d82a5279b
0ac5a30c-b25b-41cf-97ce-b3c1b3687202,M. Groothuizen,D66,4e9f6f5b-2544-4667-8134-6b85c4ebb4e0
0ae6735e-4b1b-4302-a20e-bbe5b72155c3,S.H. Simons,BIJ1,18e95d6d-1684-4fa0-968a-1a6140d2d793
0b55495e-b33f-4707-96b7-d9c62bb68669,P.J. Duisenberg,VVD,7476e97a-3243-4122-9df6-ba7d82a5279b
0be150ac-e44d-483e-bdbf-299647e9f8b2,A.C.G. Bikker,Unknown,0
0c33030f-88e2-44c8-803d-6dd7c58c1378,R.P. van Laar,PvdA,8d46d23c-4f20-49be-b279-5439a2ef8d17
0c463ce0-e8cb-4066-b37c-e664dd2f4203,S. Warmerdam,D66,4e9f6f5b-2544-4667-8134-6b85c4ebb4e0
0c78eba7-66a3-4ec9-b084-ed30e0ec5d6f,A. van Miltenburg,VVD,7476e97a-3243-4122-9df6-ba7d82a5279b
0cd71c11-bddf-46af-a796-780a4756c2b0,H. Bevers,VVD,7476e97a-3243-4122-9df6-ba7d82a5279b
0d036fcf-a456-4798-9b76-3f44eb74a451,J.F. Klaver,GL,8fd1a907-0355-4d27-8dc1-fd5a531b471e
0d09a569-a906-4f4f-a2fb-cb2fedbf1c8c,M.S. van Veen,VVD,7476e97a-3243-4122-9df6-ba7d82a5279b
0d70272a-5caf-4f32-aecb-76277e55999f,L.M. Werner,CDA,62c1a13c-85ff-40ed-90f7-a9546d61f869
0e34f732-337a-4339-961f-8c18d68e714d,M.L.J. Paul,VVD,7476e97a-3243-4122-9df6-ba7d82a5279b
0ea8e29d-3bfe-4982-8594-9350b527d553,S.M. Beckerman,SP,a3689bb6-3914-4d5c-a6a8-42e24582e299
10870c31-0253-4fa0-a2bc-1a6d3c553028,J.L. Geurts,CDA,62c1a13c-85ff-40ed-90f7-a9546d61f869
10eeecd7-86d3-462c-b305-b66c787d6c9b,K.C.J. Straus,VVD,7476e97a-3243-4122-9df6-ba7d82a5279b
13212269-878d-4abd-82b3-dcebd68073fd,S.C.C.M. Potters,VVD,7476e97a-3243-4122-9df6-ba7d82a5279b
13446ead-584b-4835-88bd-26550c4c2ef2,K. Gerbrands,PVV,65129918-f256-4975-9da4-488da34d6695
13d5095e-c5df-4cbb-a2f4-c0bb142e9397,R. Verkuijlen,VVD,7476e97a-3243-4122-9df6-ba7d82a5279b
13e26587-88d8-440b-bb93-527a8e845342,R.M. Boucke,D66,4e9f6f5b-2544-4667-8134-6b85c4ebb4e0
1456a009-770b-4820-8919-55287a5780a7,F. van Oosten,VVD,7476e97a-3243-4122-9df6-ba7d82a5279b
148dfb11-3f22-46f3-9c7d-62a0c3c98d7e,B.I. van der Burg,VVD,7476e97a-3243-4122-9df6-ba7d82a5279b
14a5b9c6-b7e3-4a59-9083-ab81f1d50f7e,L. Ypma,PvdA,8d46d23c-4f20-49be-b279-5439a2ef8d17
14d9be8b-5e75-401c-a1cc-7a8ab59b36e7,A.A. Asante,PvdA,8d46d23c-4f20-49be-b279-5439a2ef8d17
15959521-3e16-4fdb-be6b-36f0b0504e6d,P.H.M. Smeulders,GL,8fd1a907-0355-4d27-8dc1-fd5a531b471e
16596afa-9e56-4d0a-a715-f40592825937,T. Kuzu,DENK,deb74bb5-63a9-4ffc-98ed-af577167452e
16be6093-7884-4d00-ae31-70dc7062f57a,E.M.J. Ploumen,PvdA,8d46d23c-4f20-49be-b279-5439a2ef8d17
17f26a48-9f54-42a1-9890-c6da761a9a2f,P.H. van Meenen,D66,4e9f6f5b-2544-4667-8134-6b85c4ebb4e0
1899007b-67d2-4699-b896-2fdd92b69fc1,R.E. van der Linde,VVD,7476e97a-3243-4122-9df6-ba7d82a5279b
196d0048-0369-4786-ba81-bda9da8c3636,B. van Kent,SP,a3689bb6-3914-4d5c-a6a8-42e24582e299
197b435e-29b1-4b69-8c6a-b38bc44ffce3,L.M.C. Marijnissen,SP,a3689bb6-3914-4d5c-a6a8-42e24582e299
1b59d69d-89a1-42c3-b5bf-52f38c39d88d,C.G. van der Staaij,SGP,77f9b6f1-b1a9-4d1b-a05e-9936e79d8fa5
1bdd5fcc-6231-4781-a4b6-413ae942af01,G.J.M. Segers,CU,d720f5af-0516-408a-b830-0b6ffb8a581c
1c16919b-5c3f-486c-9cc7-bdd00e29e9a4,E. Ouwehand,PvdD,d3b4d880-ef37-4ce6-99ec-4940266ac466
1c889902-6ede-427c-8682-000f683fffaa,M. Agema,PVV,65129918-f256-4975-9da4-488da34d6695
1e4f3007-3e72-4135-80e0-238966189fd4,M. Amhaouch,CDA,62c1a13c-85ff-40ed-90f7-a9546d61f869
1e8aa099-9c94-432d-bff7-ac9fe20ff3ff,D.G. Boswijk,CDA,62c1a13c-85ff-40ed-90f7-a9546d61f869
1ee767b9-67f3-47e5-9e28-045da1c37b05,I. (Inge) van Dijk,CDA,62c1a13c-85ff-40ed-90f7-a9546d61f869
202e3325-7f81-4c5a-8aee-386a4bcd87e2,H.J. Grashoff,GL,8fd1a907-0355-4d27-8dc1-fd5a531b471e
20427a83-6da2-4f6d-aee0-7516ba4feab1,G.S.I.A. Tanamal,PvdA,8d46d23c-4f20-49be-b279-5439a2ef8d17
2211a588-7417-4e26-a386-801fe8798bd1,C.J.E. Kooiman,SP,a3689bb6-3914-4d5c-a6a8-42e24582e299
238396aa-d91b-46ee-a7e9-301e9ac7bd7e,J.S. Voordewind,CU,d720f5af-0516-408a-b830-0b6ffb8a581c
23fcb971-c02b-4a00-aa1f-6feed871c5d4,I.K. van Engelshoven,D66,4e9f6f5b-2544-4667-8134-6b85c4ebb4e0
2538ca6a-8254-4c7e-af71-a20db82afd30,O.C. Tellegen,VVD,7476e97a-3243-4122-9df6-ba7d82a5279b
2690bccc-5463-459a-b1df-cb93e222b348,J.M. Paternotte,D66,4e9f6f5b-2544-4667-8134-6b85c4ebb4e0
26f7a84e-45c7-4a94-94a2-f00a20c201aa,J.H. Terpstra,CDA,62c1a13c-85ff-40ed-90f7-a9546d61f869
26fafe12-cb5a-4eee-bca0-dc78cb688be3,S. Günal-Gezer,PvdA,8d46d23c-4f20-49be-b279-5439a2ef8d17
29124ef6-e1d5-4138-bf01-8433afde7269,S. Belhaj,D66,4e9f6f5b-2544-4667-8134-6b85c4ebb4e0
299782b9-b45f-4cd6-b1db-abee2be08d81,H.C.M. Krol,Krol,9baf43e2-3081-4fb1-93c4-6f002f395271
2aeb5ca9-f64f-4ec6-a0ce-83223bff4772,J. Thijssen,PvdA,8d46d23c-4f20-49be-b279-5439a2ef8d17
2b223ce1-e251-462b-a5fc-971c92bbf37c,D. de Neef,VVD,7476e97a-3243-4122-9df6-ba7d82a5279b
2b533923-83a2-4ac6-b497-934a549b50ab,J.J. (Jasper) van Dijk,SP,a3689bb6-3914-4d5c-a6a8-42e24582e299
2b537cd5-1203-4c08-8118-b295796deb07,T.U. Hiddema,FVD,e0b7b638-de3c-47cc-85bd-341dd65ea33d
2c1bbe45-f5e6-4896-b487-5d2864198a11,R.W. Leegte,VVD,7476e97a-3243-4122-9df6-ba7d82a5279b
2d120900-fed8-43ae-a234-2bc4af510867,R.J. Klever,PVV,65129918-f256-4975-9da4-488da34d6695
2d1a4211-d500-4922-bbf5-0bd64353329c,B.C. de Liefde,VVD,7476e97a-3243-4122-9df6-ba7d82a5279b
2d6d4590-453c-4970-9640-6a64c5d9645c,M.E. Huizing,VVD,7476e97a-3243-4122-9df6-ba7d82a5279b
2e1211a4-9506-4dbe-ab15-1b881bb87074,L. van Tongeren,GL,8fd1a907-0355-4d27-8dc1-fd5a531b471e
306ecdd8-bc7c-4311-aaf0-ccc29222313f,S.M. Richardson,VVD,7476e97a-3243-4122-9df6-ba7d82a5279b
3239df09-c975-4598-b608-b67c74a07e08,H. Dekker-Abdulaziz,D66,4e9f6f5b-2544-4667-8134-6b85c4ebb4e0
3322191a-8ca5-4a69-bb2f-d516086c28ae,M. Goudzwaard,JA21,fab6e7e1-9d63-446a-a6e1-e1c74e3f679e
33647c30-4edf-4fdf-93e5-5977180982a0,T.M.Ch. Elias,VVD,7476e97a-3243-4122-9df6-ba7d82a5279b
337a0873-453c-459f-99c7-2726975a71da,H. van der Molen,CDA,62c1a13c-85ff-40ed-90f7-a9546d61f869
356e5fc9-831f-4d9c-be2f-fd35a99e865b,H.M. Palland,CDA,62c1a13c-85ff-40ed-90f7-a9546d61f869
359e90b6-6f1f-47e9-a46b-d0ff54836077,F.J.H. Jansen,FVD,e0b7b638-de3c-47cc-85bd-341dd65ea33d
35d9ddbe-1687-4f95-8821-d5b82c2cf205,D.M. Samsom,PvdA,8d46d23c-4f20-49be-b279-5439a2ef8d17
36ff4d40-ec26-4ba3-9370-3ec3b73c42ff,J.W.M. Kerstens,PvdA,8d46d23c-4f20-49be-b279-5439a2ef8d17
388e72cf-63dd-4839-9ce7-5491b6bdcfd8,M.H. Bikker,Unknown,0
39023322-8e6c-4cb4-b42d-c5bf80377dd6,L.G.J. Voortman,GL,8fd1a907-0355-4d27-8dc1-fd5a531b471e
39264f53-3ba8-4732-a408-afebe5bec233,D.G. de Sousa-Croes,Unknown,0
397c857a-fda0-414d-8fdc-8288cd3284aa,A.A. Aartsen,VVD,7476e97a-3243-4122-9df6-ba7d82a5279b
3983584c-76b6-4a70-9040-dadc84949e88,J.M. van Eijs,D66,4e9f6f5b-2544-4667-8134-6b85c4ebb4e0
3b8c5482-7bdb-414b-97c7-ca34fb10da6f,C.J. Schouten,CU,d720f5af-0516-408a-b830-0b6ffb8a581c
3c169621-1134-429d-939c-77bb6dfe3185,L.A.J.M. Dassen,Unknown,0
3c3a7304-0f4d-4b1f-a953-a6515b8b7670,K.M. Buitenweg,GL,8fd1a907-0355-4d27-8dc1-fd5a531b471e
3c96ed5d-f7bf-4cae-9ec7-a5a29f5299da,C.A. Jansen,PVV,65129918-f256-4975-9da4-488da34d6695
3dbbf804-bad5-44f2-b8c7-091baf63758d,J.H. ten Broeke,VVD,7476e97a-3243-4122-9df6-ba7d82a5279b
3dd45c3b-636a-4f17-b11c-72e3cfc56330,E.G.M. Roemer,SP,a3689bb6-3914-4d5c-a6a8-42e24582e299
3e48d4c9-0d66-4b50-9f9c-969b5e314a42,N.L. den Haan,Fractie Den Haan,ea1ba564-db2c-4c57-b867-91ac4dcc5643
409289ab-9547-46db-be9f-d8e3d7c1df41,L.M. Marlin-Romeo,Unknown,0
412ecb41-f20c-477d-b8e7-d7b548a10a44,A. Slob,CU,d720f5af-0516-408a-b830-0b6ffb8a581c
425ddb12-0b71-44b6-9875-70b075dc99f7,K.B. Hagen,D66,4e9f6f5b-2544-4667-8134-6b85c4ebb4e0
43fd0a28-6a9c-4427-a55c-211fbae70091,O.E.T. (Otwin) van Dijk,PvdA,8d46d23c-4f20-49be-b279-5439a2ef8d17
44081df1-828e-4d79-bd27-261be38f66f1,H. Nijboer,PvdA,8d46d23c-4f20-49be-b279-5439a2ef8d17
446e3e45-8e03-4f8d-bb52-ea092634378f,W.J.H. Lodders,VVD,7476e97a-3243-4122-9df6-ba7d82a5279b
44d2b41e-0e28-46c4-972b-daf49b4d9824,E.M.A. Smaling,SP,a3689bb6-3914-4d5c-a6a8-42e24582e299
44f6140e-9776-4c08-bd68-5dde99f2ab62,A.G. Schouw,D66,4e9f6f5b-2544-4667-8134-6b85c4ebb4e0
48d02bab-281c-4bd0-8a50-26bf90a38cc0,E. (Edgar) Mulder,PVV,65129918-f256-4975-9da4-488da34d6695
49be3576-cea3-46c0-87eb-89beb108248d,R.A.A. Jetten,D66,4e9f6f5b-2544-4667-8134-6b85c4ebb4e0
49e7fc50-90f5-4476-9275-c31f88864082,L.M. van Ginneken,D66,4e9f6f5b-2544-4667-8134-6b85c4ebb4e0
49f5b5f1-da8f-40a0-b78e-0616e2f30f78,Y. Cegerek,PvdA,8d46d23c-4f20-49be-b279-5439a2ef8d17
4a92f48a-0387-47c7-800e-cf59692e6411,M.R.J. Rog,CDA,62c1a13c-85ff-40ed-90f7-a9546d61f869
4a9d1641-505a-4e22-96d3-36be9d1e6322,V.A. Groot,PvdA,8d46d23c-4f20-49be-b279-5439a2ef8d17
4aa76e80-51db-4c6f-b97c-e7926b39a66c,M.L. Thieme,PvdD,d3b4d880-ef37-4ce6-99ec-4940266ac466
4bf69aa9-29a7-44db-b7ee-8bfa40e343dd,Q.M. Rajkowski,VVD,7476e97a-3243-4122-9df6-ba7d82a5279b
4bfc5a46-654d-445f-9b71-fc3e06d40ae4,F. Bashir,SP,a3689bb6-3914-4d5c-a6a8-42e24582e299
4c3e51e6-9f1e-49cc-a919-f74a8c88343e,A.H. Kuiken,PvdA,8d46d23c-4f20-49be-b279-5439a2ef8d17
4d13ea1d-c9b6-4313-8ba0-fd040d8a319e,A.C.L. (Arno) Rutte,VVD,7476e97a-3243-4122-9df6-ba7d82a5279b
4d6bf62d-9d27-49b5-b00f-254d6ff6e4e1,M. Wörsdörfer,VVD,7476e97a-3243-4122-9df6-ba7d82a5279b
4d73ea92-7e5c-4964-bc40-d80f38860ae4,K. Yücel,PvdA,8d46d23c-4f20-49be-b279-5439a2ef8d17
4eacd971-8961-4956-b73b-7de0745de280,K.A.E. van den Hul,PvdA,8d46d23c-4f20-49be-b279-5439a2ef8d17
522d59a0-10ba-488f-a27a-a1dda7581900,R.J. (Rudmer) Heerema,VVD,7476e97a-3243-4122-9df6-ba7d82a5279b
54cbf78c-ae5e-49b7-8fcc-41d0fb7b5855,A.Z. Merkies,SP,a3689bb6-3914-4d5c-a6a8-42e24582e299
551f9a19-738c-4298-afe1-5ca7959ab74b,C.E. Ellemeet,GL,8fd1a907-0355-4d27-8dc1-fd5a531b471e
557f8bd5-9f66-4bed-9b5f-86746bb0600a,G.F.C. van Meijeren,FVD,e0b7b638-de3c-47cc-85bd-341dd65ea33d
56a86879-60e4-4cdb-b5f1-b66d6d090798,J.P. Kwint,SP,a3689bb6-3914-4d5c-a6a8-42e24582e299
56cbb44d-9390-480d-b686-56da6c2d6d35,A. Bosman,VVD,7476e97a-3243-4122-9df6-ba7d82a5279b
581d8f64-6060-4cf0-b281-a46ad978cf0d,B. van 't Wout,VVD,7476e97a-3243-4122-9df6-ba7d82a5279b
58e27c9a-59be-407b-8213-714cf1d3acc4,S. Öztürk,DENK,deb74bb5-63a9-4ffc-98ed-af577167452e
58fc3889-ed2a-4cb0-bbd8-54ef85e3f9a1,G.T. Sulvaran,Unknown,0
5a2cb9b8-4a4c-4860-8793-59da092434b6,M.G.J. Harbers,VVD,7476e97a-3243-4122-9df6-ba7d82a5279b
5ab23e3a-aed4-4713-9214-53336765be9d,L.F. Asscher,PvdA,8d46d23c-4f20-49be-b279-5439a2ef8d17
5d3c16f6-cad0-432f-b850-8a62cfb6526c,T.M. Jadnanansing,PvdA,8d46d23c-4f20-49be-b279-5439a2ef8d17
5d54939f-2da7-4ca6-b159-4ef344336b21,L. van Raan,PvdD,d3b4d880-ef37-4ce6-99ec-4940266ac466
5dfe97b2-fffb-4586-a999-1cbcfde80674,T.J.H. van den Nieuwenhuijzen,GL,8fd1a907-0355-4d27-8dc1-fd5a531b471e
61721e3f-a394-42ff-9885-8a58aa1d1612,Y.J. van Hijum,CDA,62c1a13c-85ff-40ed-90f7-a9546d61f869
618bbc2f-4dc0-41a2-8ae0-7dd1e4a76c90,V.H.C. de Weever,Unknown,0
64457f28-37b6-4948-860a-f28bc62b99ae,S.A.M. Kaag,D66,4e9f6f5b-2544-4667-8134-6b85c4ebb4e0
64522cbc-a297-4c67-a204-1e31deb91f68,H.P.J. van Gerven,SP,a3689bb6-3914-4d5c-a6a8-42e24582e299
6490a01c-b871-4639-8d60-820be9ac7834,R.P.G. (Remco) Bosma,VVD,7476e97a-3243-4122-9df6-ba7d82a5279b
64f39510-b420-4b01-8b5e-2b2f2b0aad91,P. van Houwelingen,FVD,e0b7b638-de3c-47cc-85bd-341dd65ea33d
666f31ca-041f-466d-9e78-804317921d69,R.H. (Romke) de Jong,D66,4e9f6f5b-2544-4667-8134-6b85c4ebb4e0
66b2be3d-10f8-46a4-90c6-b86005df0a50,S. Maatoug,GL,8fd1a907-0355-4d27-8dc1-fd5a531b471e
68a869d7-3216-4208-9b57-e87405a11abb,Z. Özdil,GL,8fd1a907-0355-4d27-8dc1-fd5a531b471e
6a54c095-9872-4322-81be-114b74233d40,J.J. van der Werf,D66,4e9f6f5b-2544-4667-8134-6b85c4ebb4e0
6bfaf570-5b6f-41e1-baf2-b833f6203513,G.J.P. van Otterloo,50PLUS,a34bf6c8-834e-4dba-b4d2-f2f1b3957bd2
6c2ee55a-fa05-4a41-b522-c878c6a61ce8,A.A. (Albert) de Vries,PvdA,8d46d23c-4f20-49be-b279-5439a2ef8d17
6ce9c9e8-daec-4ef0-b975-f372e100d3e6,A. Bouali,D66,4e9f6f5b-2544-4667-8134-6b85c4ebb4e0
6d33b9bc-7d3a-4a60-b2d7-c2b70cd11ab1,G. Wilders,PVV,65129918-f256-4975-9da4-488da34d6695
6e4027b2-cb08-44ca-b030-07d9074512d1,S.W. Dikkers,PvdA,8d46d23c-4f20-49be-b279-5439a2ef8d17
6fc5878e-d76a-4e9d-a4e3-e5ef581bb2ff,R. Raemakers,D66,4e9f6f5b-2544-4667-8134-6b85c4ebb4e0
70af2625-600a-4ff6-bfe5-52b2ca26b437,J.A. Hennis-Plasschaert,VVD,7476e97a-3243-4122-9df6-ba7d82a5279b
71cbc21c-4e36-4df7-9f58-e15a1c1f162c,R.K. Dik-Faber,CU,d720f5af-0516-408a-b830-0b6ffb8a581c
71df2edb-5973-46ec-82d7-c65ccd00abd4,M.E. Maij,PvdA,8d46d23c-4f20-49be-b279-5439a2ef8d17
722997ad-c4fa-4012-9ea5-f1314978764b,M.A.J. Snoeren,VVD,7476e97a-3243-4122-9df6-ba7d82a5279b
7265b8e8-62d4-4ba2-8117-8f758fbf606e,H. van Bommel,SP,a3689bb6-3914-4d5c-a6a8-42e24582e299
74b44968-d1f2-482a-a365-1fbb4cbda7f9,L.M.J.S. Helder,PVV,65129918-f256-4975-9da4-488da34d6695
74c13ffe-54e0-4cfd-a5fd-f21de61a0995,M.R.H.M. von Martels,CDA,62c1a13c-85ff-40ed-90f7-a9546d61f869
754f2d87-8990-4b77-8181-54d8df8fa63a,G. Markuszower,PVV,65129918-f256-4975-9da4-488da34d6695
7564c685-2691-4796-9159-ebd5df4fdc8d,C. Teunissen,PvdD,d3b4d880-ef37-4ce6-99ec-4940266ac466
75a44c3a-5914-4c8e-9ca4-d987853f5844,T.M.T. van der Lee,GL,8fd1a907-0355-4d27-8dc1-fd5a531b471e
75c8786e-c5c2-4d12-95ff-4b804234f062,M. de Graaf,PVV,65129918-f256-4975-9da4-488da34d6695
762e0f40-f100-4896-85a2-b1d8818fae41,T.C. (Tjeerd) de Groot,D66,4e9f6f5b-2544-4667-8134-6b85c4ebb4e0
77c541d2-49e3-483f-869d-134df420c5ea,A. Kops,PVV,65129918-f256-4975-9da4-488da34d6695
77d2c6f1-3af4-4256-b52f-23fcb7bb8be2,B.G. de Boer,VVD,7476e97a-3243-4122-9df6-ba7d82a5279b
78464103-e740-4fff-b508-c5377a089cb7,P.J.M. Litjens,VVD,7476e97a-3243-4122-9df6-ba7d82a5279b
7897cad0-5099-4630-9311-65cc01450063,R.J. (Remco) Dijkstra,VVD,7476e97a-3243-4122-9df6-ba7d82a5279b
7954eb2c-1bf5-42af-80dc-85f29b367db0,F.L. Idsinga,VVD,7476e97a-3243-4122-9df6-ba7d82a5279b
7adae072-f9e6-4c0c-a1ae-fc10e9fad200,X.J. Ruiz-Maduro,Unknown,0
7c43c8c2-1958-496c-8060-b0f3bf652992,B. Madlener,PVV,65129918-f256-4975-9da4-488da34d6695
7ca42fe3-e292-4aff-9275-57889d920853,E.A. Haverkort,VVD,7476e97a-3243-4122-9df6-ba7d82a5279b
7cbb2d95-46b2-4fcb-b129-9505f56e7f07,D.G.M. Ceder,CU,d720f5af-0516-408a-b830-0b6ffb8a581c
7d18b6e3-de0c-4aea-bef8-242bbc38e936,J. van Wijngaarden,VVD,7476e97a-3243-4122-9df6-ba7d82a5279b
7dc8c80e-6b9a-47e5-b61f-d57bcb36158f,S. Geleijnse,50PLUS,a34bf6c8-834e-4dba-b4d2-f2f1b3957bd2
7f11ad79-297b-4b42-9fe0-f3fd38a470a9,A. Schut-Welkzijn,VVD,7476e97a-3243-4122-9df6-ba7d82a5279b
7f3c60c7-b846-4f3a-a9f4-a18abf37bb3a,T. van Ark,VVD,7476e97a-3243-4122-9df6-ba7d82a5279b
808636f6-10d2-4ed6-a5fe-f98ab3fcbbee,M.G.W. den Boer,D66,4e9f6f5b-2544-4667-8134-6b85c4ebb4e0
80d891ee-7f80-4d4f-b486-3b0d1a9fd67a,A. Marcouch,PvdA,8d46d23c-4f20-49be-b279-5439a2ef8d17
8129f279-1ddd-45e3-8de4-e9ceb5a68d34,A. (Anne) Mulder,VVD,7476e97a-3243-4122-9df6-ba7d82a5279b
8133067c-1a90-482b-9ee4-e585a096ffb5,J.C.M. Swinkels,D66,4e9f6f5b-2544-4667-8134-6b85c4ebb4e0
81552958-ef83-4fab-8a92-6e5b1975c9ef,E. (Emiel) van Dijk,PVV,65129918-f256-4975-9da4-488da34d6695
819764fa-3a17-467b-8327-30899ed083b6,D.J.G. Graus,PVV,65129918-f256-4975-9da4-488da34d6695
81d3a9a6-03c1-424b-873f-2df53af69e6c,P. Oskam,CDA,62c1a13c-85ff-40ed-90f7-a9546d61f869
8349fff0-99b3-449a-bd4d-932ae95b29da,H. Kat,D66,4e9f6f5b-2544-4667-8134-6b85c4ebb4e0
83a1ccbf-fe6a-4f7a-a0d0-4cf90337ab90,M.A. Berndsen-Jansen,D66,4e9f6f5b-2544-4667-8134-6b85c4ebb4e0
84e7ec53-7bec-491e-bec7-19b6b1d359b1,S.R. Fritsma,PVV,65129918-f256-4975-9da4-488da34d6695
8509e44d-0f9b-413a-a2cd-f64d656c3955,J. van den Hil,VVD,7476e97a-3243-4122-9df6-ba7d82a5279b
859e1824-cc60-4304-9293-dca932ebbed2,S.R.T. van Baarle,DENK,deb74bb5-63a9-4ffc-98ed-af577167452e
85f67e79-5385-444f-9bf0-be01daa37e03,M.J.T. Martens (EP/CDA),Unknown,0
8711c928-b30d-4859-b091-74678ca63e5b,L. Sazias,50PLUS,a34bf6c8-834e-4dba-b4d2-f2f1b3957bd2
872e3c31-98a5-40cb-b7dc-9c821f3b1bca,T.E. Siderius,SP,a3689bb6-3914-4d5c-a6a8-42e24582e299
8767e9de-869e-4e8a-940f-1a63d15eab3c,A.H.J. de Kort,VVD,7476e97a-3243-4122-9df6-ba7d82a5279b
88bf9f29-aa91-4ddd-ad2d-b73dfe6706ef,A. Kuik,CDA,62c1a13c-85ff-40ed-90f7-a9546d61f869
88e0734b-8c03-4daa-8ec5-055e36c07030,D.A.N. Koerhuis,VVD,7476e97a-3243-4122-9df6-ba7d82a5279b
89d70a20-bd10-46ed-866a-2c79362a0559,S.C. Kröger,GL,8fd1a907-0355-4d27-8dc1-fd5a531b471e
8b3664bd-77e4-468b-af96-f3f4ec27fcce,M. Rutte,VVD,7476e97a-3243-4122-9df6-ba7d82a5279b
8ba16b4b-5dc1-441e-9229-8bb63c903ce1,W.P.H.J. Peters,CDA,62c1a13c-85ff-40ed-90f7-a9546d61f869
8c5a8186-8f46-4bca-956d-06d4fa521635,M.C.G. Keijzer,CDA,62c1a13c-85ff-40ed-90f7-a9546d61f869
8dcd68d9-3f9b-4c92-b3e6-9f6c48a3bdfe,H. Zijlstra,VVD,7476e97a-3243-4122-9df6-ba7d82a5279b
8dfa0156-0834-4c00-87e8-c4e9919f781f,R.W. Knops,CDA,62c1a13c-85ff-40ed-90f7-a9546d61f869
8ee20f38-f3f0-4ff9-b5d9-84557b5ddcb1,H.H. van der Woude,VVD,7476e97a-3243-4122-9df6-ba7d82a5279b
8f6a5115-367e-4dc2-88c5-1eae50593652,N. Drost,CU,d720f5af-0516-408a-b830-0b6ffb8a581c
8f81c0fd-e9cc-42ad-8e93-7bb0456955d3,G.P. van den Anker,CDA,62c1a13c-85ff-40ed-90f7-a9546d61f869
92fe14f9-9abe-4759-b311-8b635302c2f2,L.W.E. de Jong,PVV,65129918-f256-4975-9da4-488da34d6695
935fc903-0272-4f85-84e7-6c22aa9710f3,K. Verhoeven,D66,4e9f6f5b-2544-4667-8134-6b85c4ebb4e0
93ace320-ab4e-42d3-9783-b2e2e02eb546,C.N.A. Nijkerken-de Haan,VVD,7476e97a-3243-4122-9df6-ba7d82a5279b
942a29b8-057f-4dba-a8cd-3c35e5a81aaf,H. Bontenbal,CDA,62c1a13c-85ff-40ed-90f7-a9546d61f869
9431dc1b-9891-4d15-aaf1-b98e347c3b46,L.A. de Lange,VVD,7476e97a-3243-4122-9df6-ba7d82a5279b
94f6aaa0-69ed-4721-a62c-c2b592bec175,D.J. Eppink,Unknown,0
950c21d2-8a14-406d-b3af-877360bbd0ab,A. Podt,D66,4e9f6f5b-2544-4667-8134-6b85c4ebb4e0
9522ae6b-a187-4f51-9df7-1b0feb767d6e,W. Koolmees,D66,4e9f6f5b-2544-4667-8134-6b85c4ebb4e0
95b979e4-888d-402d-8167-4f817cea413b,P. Ulenbelt,SP,a3689bb6-3914-4d5c-a6a8-42e24582e299
973da897-66c7-4010-a98d-505e0e97a60c,I.J.M. Michon-Derkzen,VVD,7476e97a-3243-4122-9df6-ba7d82a5279b
974099ff-20a6-4119-84be-96e244befc55,M. Azmani,VVD,7476e97a-3243-4122-9df6-ba7d82a5279b
97ffe642-648f-4dab-a0e8-0720e96e3e35,J.Z.C.M. Tielen,VVD,7476e97a-3243-4122-9df6-ba7d82a5279b
980a8ae3-b1c7-4912-ab9e-be3e6fd20d36,L. Vestering,PvdD,d3b4d880-ef37-4ce6-99ec-4940266ac466
98aa8bde-85b0-49ed-9795-e2eeb206e3b8,C. Stoffer,SGP,77f9b6f1-b1a9-4d1b-a05e-9936e79d8fa5
98cf30be-80d9-498a-966f-10f3ae8ffe22,H. Neppérus,VVD,7476e97a-3243-4122-9df6-ba7d82a5279b
990c794a-2170-435a-8c43-97d4fd0e621e,J.G.P. Vermue,PvdA,8d46d23c-4f20-49be-b279-5439a2ef8d17
99c6218e-8f0c-45d4-bd24-f300c6cfcb2f,C.N. van den Berge,GL,8fd1a907-0355-4d27-8dc1-fd5a531b471e
9ab41898-332f-4c08-a834-d58b4669c990,D. Yesilgöz-Zegerius,VVD,7476e97a-3243-4122-9df6-ba7d82a5279b
9b13c8c8-eba4-411e-b095-858e352d3178,R. Bisschop,SGP,77f9b6f1-b1a9-4d1b-a05e-9936e79d8fa5
9bf12da8-39ea-4505-9500-764bc440cfc9,F.M. van Kooten-Arissen,vKA,6f14bed5-cf7c-4340-a334-b538bbea85a7
9c4710f5-fb0b-42cc-9d53-4cf5dfe6e27c,A.G. Wolbert,PvdA,8d46d23c-4f20-49be-b279-5439a2ef8d17
9c8bc5bc-8d13-4c11-be37-57a43a1d734b,S.P.A. Erkens,VVD,7476e97a-3243-4122-9df6-ba7d82a5279b
9d2229a5-c46a-485a-9b82-315e270c3e9a,S. van Veldhoven,D66,4e9f6f5b-2544-4667-8134-6b85c4ebb4e0
9e009009-0ec2-4eea-9a2e-dfd82f88db87,M.H.P. van Dam,PvdA,8d46d23c-4f20-49be-b279-5439a2ef8d17
9e79de98-e914-4dc8-8dc7-6d7cb09b93d7,B.C. Kathmann,PvdA,8d46d23c-4f20-49be-b279-5439a2ef8d17
9ea41959-b952-4e42-92fb-bc616ac17241,H.A.G. Ronnes,CDA,62c1a13c-85ff-40ed-90f7-a9546d61f869
9f0c39d6-4a57-4849-9215-aa1147c7e0f6,N.J.F. Pouw-Verweij,JA21,fab6e7e1-9d63-446a-a6e1-e1c74e3f679e
9f3aadb0-0f76-49b8-9e54-126c97fc0ae8,H. Fokke,PvdA,8d46d23c-4f20-49be-b279-5439a2ef8d17
9f855643-68a2-409e-b4fe-81b92547212a,S. Mutluer,PvdA,8d46d23c-4f20-49be-b279-5439a2ef8d17
a04d4b85-56f0-448f-b5e8-28b5340af204,M.J.T.G. van Beukering-Huijbregts,D66,4e9f6f5b-2544-4667-8134-6b85c4ebb4e0
a0b48551-42b7-4c55-9556-6b997d978ff2,P.C. (Peter) de Groot,VVD,7476e97a-3243-4122-9df6-ba7d82a5279b
a1811d65-87c9-484a-ac37-d0ba90214f91,Y. Berckmoes-Duindam,VVD,7476e97a-3243-4122-9df6-ba7d82a5279b
a1877608-2b03-4620-b854-d57de44cd52e,R.A.J. Schonis,D66,4e9f6f5b-2544-4667-8134-6b85c4ebb4e0
a396ae20-6309-456b-a5ae-e4068dea8a67,A.P.C. (Tony) van Dijck,PVV,65129918-f256-4975-9da4-488da34d6695
a3986ffd-c057-46cc-afd5-54846c9955ef,F. Teeven,VVD,7476e97a-3243-4122-9df6-ba7d82a5279b
a3b17348-54cf-4bca-82d4-e62bd46c2fbc,E. Heinen,VVD,7476e97a-3243-4122-9df6-ba7d82a5279b
a4074721-5d4d-444a-bb98-1ddbc592a78a,N. Özütok,GL,8fd1a907-0355-4d27-8dc1-fd5a531b471e
a437e923-725f-415e-a01d-5588a7af933e,K.P. Piri,PvdA,8d46d23c-4f20-49be-b279-5439a2ef8d17
a59b540b-1460-4aa0-b9ce-19356f87c77e,R.R. van Aalst,PVV,65129918-f256-4975-9da4-488da34d6695
a6727ba5-e45d-4f28-b2fb-6bb73d255d81,C.G. Dammers,Unknown,0
a68468b6-51ea-440c-9387-b44ba10ad8b6,L.A.J.M. Dassen,Volt,ae48391e-ce4d-47e0-86e3-ee310282f66f
a8e4581d-5186-4367-95c5-0a754c60b276,E.M. van Esch,PvdD,d3b4d880-ef37-4ce6-99ec-4940266ac466
a900b4e7-92d9-4903-ab21-3189f17fe2e0,M.J.J. Rebel,PvdA,8d46d23c-4f20-49be-b279-5439a2ef8d17
a901d2d2-35f6-4341-bbfb-38e5d9b21d07,L.I. Diks,GL,8fd1a907-0355-4d27-8dc1-fd5a531b471e
a962ffcb-a300-45e1-8850-70c7173c233e,B. Becker,VVD,7476e97a-3243-4122-9df6-ba7d82a5279b
aa0272f6-6e3c-41f7-b040-b774b30d2196,V.A. Bergkamp,D66,4e9f6f5b-2544-4667-8134-6b85c4ebb4e0
aa316142-d6ee-4138-bf48-37cd7d11d058,R.A. Vermeij,PvdA,8d46d23c-4f20-49be-b279-5439a2ef8d17
aa612b6e-b61d-43a8-8775-c83839a9f6ef,J.J. van Klaveren,GrBvK,fc594dee-bad8-4caf-ba89-9496537c3527
ab15ce32-a527-4526-a5b2-0f2cdb92feeb,W.R. van Haga,Groep Van Haga,7113623f-909d-4a24-a48e-c7577f851e63
ab97f146-7308-4a7e-9197-2ef5ee467a95,E. Dijkgraaf,SGP,77f9b6f1-b1a9-4d1b-a05e-9936e79d8fa5
ac61813c-2d49-4318-b5d0-32e3559b8db4,S.M.J.G. Gesthuizen,SP,a3689bb6-3914-4d5c-a6a8-42e24582e299
ac969248-8799-4f53-ad71-76815c79da35,P.F.C. (Paulus) Jansen,SP,a3689bb6-3914-4d5c-a6a8-42e24582e299
ad44b24f-bb14-4f4a-a476-3cbbb3e9cdb0,T. van Gent,VVD,7476e97a-3243-4122-9df6-ba7d82a5279b
ad8654f3-811a-4a63-ab7a-01bf76347caa,L.W.D. Geluk-Poortvliet,CDA,62c1a13c-85ff-40ed-90f7-a9546d61f869
ae91b7a3-544d-40c7-8373-815a0bd18cf0,A.A.G.M. van Raak,SP,a3689bb6-3914-4d5c-a6a8-42e24582e299
af31a147-9feb-4f6e-8e8a-aeced0fcc56f,R. Vuijk,VVD,7476e97a-3243-4122-9df6-ba7d82a5279b
b1e4718d-bf16-4b46-91fd-946b42bed3af,L. Jacobi,PvdA,8d46d23c-4f20-49be-b279-5439a2ef8d17
b221afb0-2758-4ace-846a-7bfc33389ad6,E.S. Akerboom,PvdD,d3b4d880-ef37-4ce6-99ec-4940266ac466
b23257b9-1d5e-4d4f-a2ee-cc4501ae5c6a,R. van der Velde,PvdA,8d46d23c-4f20-49be-b279-5439a2ef8d17
b29c0e00-7ac2-4c28-ab4f-8fceb156337b,C.M. van Brenk,50PLUS,a34bf6c8-834e-4dba-b4d2-f2f1b3957bd2
b3230578-426f-4b84-bfe2-6a8136c6a3af,A.J.M. Laan-Geselschap,VVD,7476e97a-3243-4122-9df6-ba7d82a5279b
b41b2403-9f06-4d55-adc5-b0777373ca7e,C.A.M. van der Plas,BBB,626555ac-e836-44e3-9978-a6a7f0abc3ce
b4e1d8cf-e8cf-4b66-9ded-97fc8176fa4a,K.H.D.M. Dijkhoff,VVD,7476e97a-3243-4122-9df6-ba7d82a5279b
b4fdf408-8296-4d14-9e95-b4b96dc20751,C.J.L. van Dam,CDA,62c1a13c-85ff-40ed-90f7-a9546d61f869
b50b3f0b-afc8-46e5-bfda-cb60e2935a5a,B.A.W. Snels,GL,8fd1a907-0355-4d27-8dc1-fd5a531b471e
b625d2bf-da74-40a2-b013-2069a09dcb6c,P.J. Valstar,VVD,7476e97a-3243-4122-9df6-ba7d82a5279b
b6c27e98-0f7f-42a2-9fae-50b5f8ca76cc,H. Rahimi,VVD,7476e97a-3243-4122-9df6-ba7d82a5279b
b7a52679-bac9-4e00-9dfd-06a22a7cf088,M. Mohandis,PvdA,8d46d23c-4f20-49be-b279-5439a2ef8d17
b8663b71-f92b-4d2b-a06b-f78dba168d98,S.T.M. Hermans,VVD,7476e97a-3243-4122-9df6-ba7d82a5279b
b8d002bc-ea6c-4f57-b36e-38415b205e09,A. (Aukje) de Vries,VVD,7476e97a-3243-4122-9df6-ba7d82a5279b
b9cfefa1-1e5e-4fd7-a9d5-458e4c3a20db,H.J. Beertema,PVV,65129918-f256-4975-9da4-488da34d6695
ba21eb65-8546-40e5-a425-0d228d0eaeac,E.E.W. Bruins,CU,d720f5af-0516-408a-b830-0b6ffb8a581c
bb3a9cf3-6f64-4092-85a1-4318244ee603,T.H.P. Baudet,FVD,e0b7b638-de3c-47cc-85bd-341dd65ea33d
bb6801d4-f671-4ade-aa86-29aa89373dd9,M.Ö. Alkaya,SP,a3689bb6-3914-4d5c-a6a8-42e24582e299
bd954447-a92c-4899-a9a8-4a58569fd4d2,M.M. van Toorenburg,CDA,62c1a13c-85ff-40ed-90f7-a9546d61f869
bdadad68-b920-4b3a-aba2-9a3141d26821,P.J.M.J. Moors,VVD,7476e97a-3243-4122-9df6-ba7d82a5279b
bf030048-0434-42f1-bbed-8b0c04014db4,S.W. Sjoerdsma,D66,4e9f6f5b-2544-4667-8134-6b85c4ebb4e0
bf494e35-c009-4c74-a5c6-3cb2cd26bb51,A.A.H. van Campen,VVD,7476e97a-3243-4122-9df6-ba7d82a5279b
bf8eb79e-5034-4882-a4c5-413baba477d5,W.B. Hoekstra,CDA,62c1a13c-85ff-40ed-90f7-a9546d61f869
bf97025a-1c30-4042-bffe-948027f24e6c,A.E. Diertens,D66,4e9f6f5b-2544-4667-8134-6b85c4ebb4e0
c01b88c4-5507-49c5-9ec3-f08af6e6eace,T.R. van Dekken,PvdA,8d46d23c-4f20-49be-b279-5439a2ef8d17
c0648a21-11c6-4b4f-a4be-205d7dcbb746,J. Middendorp,VVD,7476e97a-3243-4122-9df6-ba7d82a5279b
c0d8ed4a-ec11-48e2-a468-6cd93327305b,J.A.M.J. van den Berg,CDA,62c1a13c-85ff-40ed-90f7-a9546d61f869
c128a46d-ebd9-4ee9-80cc-16bfe505e539,H.G.J. Bruins Slot,CDA,62c1a13c-85ff-40ed-90f7-a9546d61f869
c1554da8-5650-43fe-893a-2cd8f5f8b4d5,G.M.Mc. William,Unknown,0
c1c11045-81c6-43a3-96e4-4cc6d5f2fbb4,F. Koser Kaya,D66,4e9f6f5b-2544-4667-8134-6b85c4ebb4e0
c3adeaa2-c232-48f9-967d-caf4b0b51719,A.W. Lucas,VVD,7476e97a-3243-4122-9df6-ba7d82a5279b
c3b1dca8-2cb4-4025-9527-36163a098c1f,A.D. Wiersma,VVD,7476e97a-3243-4122-9df6-ba7d82a5279b
c4f7c468-721e-4953-97f2-bff05fe570c4,Z. El Yassini,VVD,7476e97a-3243-4122-9df6-ba7d82a5279b
c606904d-daef-44ff-bd30-cfdc1e6b5185,L. Bontes,GrBvK,fc594dee-bad8-4caf-ba89-9496537c3527
c60c655f-40ba-47b0-8e93-a2c8d1ff4743,R. de Roon,PVV,65129918-f256-4975-9da4-488da34d6695
c6b2bdaf-8c1f-4b88-a8cb-167941b98bfb,R.A. van Vliet,Van Vliet,e2c3dd23-f247-430a-9c94-53f9f5c06c0b
c6e26bd3-724f-45d3-93af-ef431e6fcd42,B.J. Eerdmans,JA21,fab6e7e1-9d63-446a-a6e1-e1c74e3f679e
c6f061f1-9cb7-4e0a-a281-4fc80527c5d7,S.A.M. Dijksma,PvdA,8d46d23c-4f20-49be-b279-5439a2ef8d17
c7822b58-103f-4612-87ef-648be97192c6,E.M. Westerveld,GL,8fd1a907-0355-4d27-8dc1-fd5a531b471e
c8935902-45d6-45d6-ac31-77bc0e143154,A. Weverling,VVD,7476e97a-3243-4122-9df6-ba7d82a5279b
c955972d-2702-4d28-8461-262072218f3f,B. Visser,VVD,7476e97a-3243-4122-9df6-ba7d82a5279b
caaae646-de85-453f-b6e0-9b9b4f710f03,J.C. (Jan) Vos,PvdA,8d46d23c-4f20-49be-b279-5439a2ef8d17
cabae19e-836c-48c4-903e-7357789f9260,G.J. (Gijs) van Dijk,PvdA,8d46d23c-4f20-49be-b279-5439a2ef8d17
ccea26dd-dcae-4174-8945-ec5cb568e951,L. Bromet,GL,8fd1a907-0355-4d27-8dc1-fd5a531b471e
cd02edbc-106e-46d1-8d70-6594741356ea,F.B. Minhas,VVD,7476e97a-3243-4122-9df6-ba7d82a5279b
cd5a2cfd-7689-4a6e-aed1-df2a773bab9c,H.J.M. Leenders,PvdA,8d46d23c-4f20-49be-b279-5439a2ef8d17
ce400601-651e-4ac9-a43e-ed8d4817b7fd,P.J.T. van Strien,VVD,7476e97a-3243-4122-9df6-ba7d82a5279b
ce747c36-3ef4-49e3-b55e-1bc99db62413,A.M.C. Eijsink,PvdA,8d46d23c-4f20-49be-b279-5439a2ef8d17
cefbf19c-653b-4af7-84a6-e17fba0e4a70,A. van Ojik,GL,8fd1a907-0355-4d27-8dc1-fd5a531b471e
cf4c4d24-798d-4bbe-bf06-23ca674f0d28,P.E. (Pieter) Heerma,CDA,62c1a13c-85ff-40ed-90f7-a9546d61f869
cfb17042-9f10-4e44-99f4-358bad067455,M.J. van Rooijen,50PLUS,a34bf6c8-834e-4dba-b4d2-f2f1b3957bd2
cfd07390-25a9-4fdb-bced-8a463530bf51,L.T. Bouwmeester,PvdA,8d46d23c-4f20-49be-b279-5439a2ef8d17
d07ef52c-cc10-4445-a3a1-dfe50371f110,F.P. Wassenberg,PvdD,d3b4d880-ef37-4ce6-99ec-4940266ac466
d0d8dcbd-4818-4925-a684-13767c7dae0d,E.J. Slootweg,CDA,62c1a13c-85ff-40ed-90f7-a9546d61f869
d1bb566e-a111-43b7-8856-273ebac1f753,S.P.R.A. van Weyenberg,D66,4e9f6f5b-2544-4667-8134-6b85c4ebb4e0
d3023879-e3c7-411b-bb8a-1a0be0ca6035,J. Taverne,VVD,7476e97a-3243-4122-9df6-ba7d82a5279b
d34e1efc-fbba-4ad8-823a-61bc3f25d580,M. Koekkoek,Volt,ae48391e-ce4d-47e0-86e3-ee310282f66f
d38ca3cf-9803-48dc-8592-c67c4430168e,P.A. Grinwis,CU,d720f5af-0516-408a-b830-0b6ffb8a581c
d3eeba5c-e756-485b-978e-a91629c31e57,J.M.A.M. de Wit,SP,a3689bb6-3914-4d5c-a6a8-42e24582e299
d53f00ee-a955-434a-b636-f07d79859c49,M.F. Sienot,D66,4e9f6f5b-2544-4667-8134-6b85c4ebb4e0
d59d1492-57b6-482b-88b6-b2b77c45c33d,O.R. Ephraim,Groep Van Haga,7113623f-909d-4a24-a48e-c7577f851e63
d642dcc9-3f86-49d1-96c9-ae2771d1e89a,B.M.G. Smals,VVD,7476e97a-3243-4122-9df6-ba7d82a5279b
d653bf17-e60f-4512-9258-a68ec026e381,W. Hachchi,D66,4e9f6f5b-2544-4667-8134-6b85c4ebb4e0
d6c2b5eb-b21a-440a-b628-75492d313ffa,J. Houwers,Houwers,5b457d01-2569-40e3-9201-b99b1d80c471
d847851a-777b-43c6-83b3-392672659edc,P.H. Omtzigt,Omtzigt,acc6e04b-e53e-489b-8904-dc91d3af2e11
d89044ef-b7df-4a15-be10-d342fe381664,W. Paulusma,D66,4e9f6f5b-2544-4667-8134-6b85c4ebb4e0
d9e78b0a-0a3b-44ef-acd9-15d6e9e19d60,J.J. Klink,VVD,7476e97a-3243-4122-9df6-ba7d82a5279b
da26504f-588f-4f69-85bd-1e2b627441e2,R.G. Tjon ,Unknown,0
da756f9c-3f10-4ab8-9fa8-75812e248959,J. Wuite,Unknown,0
da9f33b0-80ca-49eb-a1ec-def3b46538d9,J.C. Sneller,D66,4e9f6f5b-2544-4667-8134-6b85c4ebb4e0
dab4cf29-4843-4261-b09b-973fe98dbf65,K. Bouchallikh,GL,8fd1a907-0355-4d27-8dc1-fd5a531b471e
dae67415-1ed1-4464-a59e-75170eb1925d,F.W. Futselaar,SP,a3689bb6-3914-4d5c-a6a8-42e24582e299
dc9f60e4-e1a4-487b-a002-40b3c77ba896,C. Laçin,SP,a3689bb6-3914-4d5c-a6a8-42e24582e299
ddaff486-ef62-4200-aeb9-eeb4bedcc620,A. Pechtold,D66,4e9f6f5b-2544-4667-8134-6b85c4ebb4e0
de076177-b820-4aff-9629-6829277e1c16,M.L. Verheijen,VVD,7476e97a-3243-4122-9df6-ba7d82a5279b
de674538-350f-4a5a-9f8e-fa8f7c4b93ca,S. de Rouwe,CDA,62c1a13c-85ff-40ed-90f7-a9546d61f869
e10065e1-776d-4bf3-8669-56788c453079,W.J.T. Renkema,GL,8fd1a907-0355-4d27-8dc1-fd5a531b471e
e5c4753f-d2d8-4a4a-ae9d-62118892a731,R.P. Brekelmans,VVD,7476e97a-3243-4122-9df6-ba7d82a5279b
e5c9b4ba-9064-4858-a052-bb3bbecfac4b,N.P.M. Klein,Klein,eb72ccb0-e80a-42d0-8b15-ebc30051447c
e5f316f0-e4e7-4cf0-a064-ed9321737487,V. Maeijer,PVV,65129918-f256-4975-9da4-488da34d6695
e6cc253d-14cb-437b-be88-4966f5fcb1f5,R.M. Leijten,SP,a3689bb6-3914-4d5c-a6a8-42e24582e299
e6e673f5-f0a7-4d34-a6aa-d2f12fed24ed,G.A. van der Steur,VVD,7476e97a-3243-4122-9df6-ba7d82a5279b
e70c3ee3-cca2-4521-abea-b124dcec0952,H.E. de Hoop,PvdA,8d46d23c-4f20-49be-b279-5439a2ef8d17
e740c2a5-57ae-47ef-bcd2-fbfcca2affc1,A.M. Sneek ,Unknown,0
e7f0d8e8-4c52-4d0a-8b94-28729046f45b,M.J.F. van Helvert,CDA,62c1a13c-85ff-40ed-90f7-a9546d61f869
e85125f3-b7cf-426c-9355-412838893f55,F. Boulakjar,D66,4e9f6f5b-2544-4667-8134-6b85c4ebb4e0
ea21d788-7cfe-41ff-b22f-0664397139af,U. Ellian,VVD,7476e97a-3243-4122-9df6-ba7d82a5279b
eb79af3c-a66d-4374-b9e7-34d7f3e92dc7,H.A.J. Smolders,Groep Van Haga,7113623f-909d-4a24-a48e-c7577f851e63
ec273841-069f-408b-b434-8524904ae314,S. van Haersma Buma,CDA,62c1a13c-85ff-40ed-90f7-a9546d61f869
ec571f94-11b8-47d7-bb47-fd0d2d7c7f07,K. Arib,PvdA,8d46d23c-4f20-49be-b279-5439a2ef8d17
edb8800b-6f1b-4e13-be0a-5b88fbd13c82,R.F.A. Oosenbrug,PvdA,8d46d23c-4f20-49be-b279-5439a2ef8d17
edefa48b-f14e-4ec3-ab3c-dfe2aa0126ec,M.L. (Mei Li) Vos,PvdA,8d46d23c-4f20-49be-b279-5439a2ef8d17
ee32e8d2-aa15-4603-901e-2cc3c72e9ead,A.H. (Agnes) Mulder,CDA,62c1a13c-85ff-40ed-90f7-a9546d61f869
eef0e09f-c709-4de5-8b44-086876d5f631,J. Recourt,PvdA,8d46d23c-4f20-49be-b279-5439a2ef8d17
ef8d31db-0876-4998-b0d9-056643260d46,V.D.D. van Weerdenburg,PVV,65129918-f256-4975-9da4-488da34d6695
efbd64bd-4263-433f-a3f2-67386477de49,J.E. Thijsen,Unknown,0
efd89dff-2cde-4afc-ab14-e4f9795d1407,M.N. Bolkestein,VVD,7476e97a-3243-4122-9df6-ba7d82a5279b
f067f702-8e06-491a-9498-462205d1aaec,M.F. Strolenberg,VVD,7476e97a-3243-4122-9df6-ba7d82a5279b
f0ff5ae5-e0e8-4a26-af3a-93c8b5947dc4,D. Hoogland,PvdA,8d46d23c-4f20-49be-b279-5439a2ef8d17
f23be4bd-7b2b-45dd-be84-4f76f11b624a,R.J. Kamminga,VVD,7476e97a-3243-4122-9df6-ba7d82a5279b
f289b7eb-f6ba-415b-90d9-1124c652637c,F. Sahla,D66,4e9f6f5b-2544-4667-8134-6b85c4ebb4e0
f29c0ba8-4d4a-4cca-bb1b-229f68b4ae6a,S.M.G. Koopmans,VVD,7476e97a-3243-4122-9df6-ba7d82a5279b
f31cabe4-e1f4-46db-88a9-b46ba44dded4,N. Gündogan,Gündoğan,ab3fa1a5-3bd9-413e-957f-61b2a697c967
f6e59e50-f22a-450c-8d4f-8a7072e50277,G.J.F. Popken,PVV,65129918-f256-4975-9da4-488da34d6695
fa4d473c-e553-439e-8f53-ca5f2b203dbd,S.J.F. van der Graaf,CU,d720f5af-0516-408a-b830-0b6ffb8a581c
fac3056b-df3b-4712-9ae3-56472806747b,M.H.H. Baay-Timmerman,50PLUS/Baay-Timmerman,b094bfef-e14b-4868-8d2e-78e12c6077d1
face7642-1fd8-4ec1-a909-c2579b0bd8d2,W.L. Postma,CDA,62c1a13c-85ff-40ed-90f7-a9546d61f869
fb291eb2-962a-482f-971a-0b62673f9a86,J.M.P. van der Laan,D66,4e9f6f5b-2544-4667-8134-6b85c4ebb4e0
fcdd8eba-ce4c-40ad-b68e-4fe542abd6b3,M.I. Hamer,PvdA,8d46d23c-4f20-49be-b279-5439a2ef8d17
fd45195f-c35d-47c9-844e-a5893e10839e,A. van den Bosch,VVD,7476e97a-3243-4122-9df6-ba7d82a5279b
fd544ce8-6d2a-4d79-81e0-c240fcf1776e,K. Regterschot,VVD,7476e97a-3243-4122-9df6-ba7d82a5279b
fdc445bd-f8fe-4cfc-b387-7fd66a181674,M. van Nispen,SP,a3689bb6-3914-4d5c-a6a8-42e24582e299
ffb9d98c-95af-42f8-974f-a0eb99c90837,C. van Nieuwenhuizen-Wijbenga,VVD,7476e97a-3243-4122-9df6-ba7d82a5279b
